MovieID,Category
1,Animation
1,Children's
1,Comedy
2,Adventure
2,Children's
2,Fantasy
3,Comedy
3,Romance
4,Comedy
4,Drama
5,Comedy
6,Action
6,Crime
6,Thriller
7,Comedy
7,Romance
8,Adventure
8,Children's
9,Action
10,Action
10,Adventure
10,Thriller
11,Comedy
11,Drama
11,Romance
12,Comedy
12,Horror
13,Animation
13,Children's
14,Drama
15,Action
15,Adventure
15,Romance
16,Drama
16,Thriller
17,Drama
17,Romance
18,Thriller
19,Comedy
20,Action
21,Action
21,Comedy
21,Drama
22,Crime
22,Drama
22,Thriller
23,Thriller
24,Drama
24,Sci-Fi
25,Drama
25,Romance
26,Drama
27,Drama
28,Romance
29,Adventure
29,Sci-Fi
30,Drama
31,Drama
32,Drama
32,Sci-Fi
33,Adventure
33,Romance
34,Children's
34,Comedy
34,Drama
35,Drama
35,Romance
36,Drama
37,Documentary
38,Comedy
39,Comedy
39,Romance
40,Drama
41,Drama
41,War
42,Action
42,Crime
42,Drama
43,Drama
44,Action
44,Adventure
45,Comedy
45,Drama
46,Drama
46,Romance
47,Crime
47,Thriller
48,Animation
48,Children's
48,Musical
48,Romance
49,Drama
49,Romance
50,Crime
50,Thriller
51,Action
51,Drama
51,Thriller
52,Comedy
53,Drama
54,Children's
54,Comedy
55,Drama
56,Adventure
56,Children's
56,Fantasy
57,Drama
58,Drama
58,Romance
59,Drama
59,Mystery
60,Adventure
60,Children's
60,Fantasy
61,Drama
61,Thriller
62,Drama
63,Comedy
64,Comedy
64,Romance
65,Comedy
66,Sci-Fi
66,Thriller
67,Drama
68,Comedy
68,Romance
69,Comedy
70,Action
70,Comedy
70,Crime
70,Horror
70,Thriller
71,Action
72,Comedy
72,Drama
73,Drama
73,Musical
74,Drama
74,Romance
75,Comedy
75,Drama
76,Sci-Fi
76,Thriller
77,Documentary
78,Drama
79,Drama
79,Thriller
80,Drama
81,Crime
81,Drama
81,Romance
82,Drama
83,Drama
84,Comedy
84,Drama
85,Drama
85,Romance
86,Adventure
86,Drama
87,Children's
87,Comedy
88,Comedy
89,Action
89,Thriller
90,Drama
92,Drama
92,Thriller
93,Comedy
93,Romance
94,Drama
95,Action
95,Thriller
96,Comedy
97,Drama
98,Action
98,Thriller
99,Documentary
100,Drama
100,Thriller
101,Comedy
102,Comedy
103,Thriller
104,Comedy
105,Drama
105,Romance
106,Comedy
106,Drama
107,Adventure
107,Children's
107,Comedy
107,Musical
108,Documentary
109,Comedy
110,Action
110,Drama
110,War
111,Drama
111,Thriller
112,Action
112,Adventure
112,Crime
113,Drama
113,Mystery
114,Drama
115,Comedy
116,Documentary
117,Crime
118,Comedy
118,Romance
119,Comedy
120,Drama
121,Drama
122,Comedy
122,Romance
123,Drama
123,Mystery
123,Romance
124,Drama
125,Comedy
126,Adventure
126,Children's
126,Fantasy
127,Drama
128,Documentary
129,Comedy
129,Romance
130,Drama
131,Drama
131,Romance
132,Thriller
133,Comedy
133,Drama
134,Documentary
135,Comedy
136,Documentary
137,Documentary
138,Drama
139,Action
139,Drama
140,Drama
140,Romance
141,Comedy
142,Drama
143,Drama
144,Comedy
145,Action
146,Adventure
146,Children's
147,Drama
148,Drama
149,Crime
149,Drama
149,Thriller
150,Drama
151,Drama
151,Romance
151,War
152,Horror
153,Action
153,Adventure
153,Comedy
153,Crime
154,Drama
155,Drama
155,War
156,Comedy
157,Comedy
157,War
158,Adventure
158,Children's
159,Drama
160,Action
160,Adventure
160,Mystery
160,Sci-Fi
161,Drama
161,Thriller
161,War
162,Documentary
163,Action
163,Romance
163,Thriller
164,Crime
164,Film-Noir
164,Mystery
164,Thriller
165,Action
165,Thriller
166,Comedy
166,Drama
167,Drama
168,Action
168,Adventure
168,Drama
168,Romance
169,Adventure
169,Children's
169,Drama
170,Action
170,Crime
170,Thriller
171,Comedy
172,Action
172,Sci-Fi
172,Thriller
173,Action
173,Adventure
173,Sci-Fi
174,Comedy
175,Drama
176,Comedy
177,Horror
178,Comedy
179,Drama
179,Romance
180,Comedy
181,Action
181,Children's
182,Drama
182,Romance
183,Thriller
184,Drama
185,Sci-Fi
185,Thriller
186,Comedy
187,Comedy
188,Horror
189,Comedy
190,Thriller
191,Drama
192,Documentary
193,Drama
194,Drama
195,Comedy
195,Drama
195,Romance
196,Horror
196,Sci-Fi
197,Drama
198,Action
198,Crime
198,Sci-Fi
199,Drama
199,Musical
200,Thriller
201,Drama
202,Drama
202,Romance
203,Comedy
204,Action
205,Comedy
205,Drama
206,Documentary
207,Drama
207,Romance
208,Action
208,Adventure
209,Drama
210,Western
211,Drama
212,Comedy
213,Drama
214,Drama
215,Drama
215,Romance
216,Comedy
217,Drama
217,Thriller
218,Comedy
218,Drama
219,Drama
220,Horror
222,Drama
222,Romance
223,Comedy
224,Comedy
224,Drama
224,Romance
225,Drama
225,Thriller
226,Thriller
227,Action
228,Comedy
229,Drama
229,Thriller
230,Drama
230,Thriller
231,Comedy
232,Comedy
232,Drama
233,Drama
234,Comedy
235,Comedy
235,Drama
236,Comedy
236,Romance
237,Comedy
237,Romance
238,Adventure
238,Children's
239,Animation
239,Children's
239,Comedy
239,Romance
240,Thriller
241,Children's
241,Drama
242,Drama
242,Musical
243,Comedy
244,Animation
244,Children's
245,Crime
245,Drama
246,Documentary
247,Drama
247,Fantasy
247,Romance
247,Thriller
248,Comedy
249,Drama
249,Romance
250,Children's
250,Comedy
251,Action
252,Comedy
252,Romance
253,Drama
253,Horror
254,Drama
255,Comedy
256,Comedy
256,Sci-Fi
257,Mystery
257,Thriller
258,Adventure
258,Children's
258,Comedy
258,Fantasy
258,Romance
259,Crime
259,Drama
259,Thriller
260,Action
260,Adventure
260,Fantasy
260,Sci-Fi
261,Drama
262,Children's
262,Drama
263,Drama
264,Drama
265,Drama
265,Romance
266,Drama
266,Romance
266,War
266,Western
267,Comedy
268,Drama
269,Drama
270,Drama
270,Romance
271,Drama
272,Drama
273,Drama
273,Horror
274,Comedy
275,Comedy
276,Comedy
276,Romance
277,Drama
278,Comedy
279,Drama
280,Drama
280,Thriller
281,Drama
282,Drama
283,Crime
283,Drama
284,Action
284,Crime
285,Drama
285,Horror
286,Action
286,Sci-Fi
286,Thriller
287,Comedy
287,Romance
288,Action
288,Thriller
289,Comedy
289,Romance
290,Crime
290,Drama
291,Thriller
292,Action
292,Drama
292,Thriller
293,Crime
293,Drama
293,Romance
293,Thriller
294,Comedy
294,Romance
295,Comedy
295,Romance
296,Crime
296,Drama
297,Drama
298,Comedy
299,Drama
300,Drama
301,Drama
301,Romance
302,Drama
302,Romance
303,Action
303,Adventure
303,Western
304,Comedy
304,Drama
305,Comedy
306,Drama
307,Drama
308,Drama
309,Drama
310,Comedy
311,Horror
311,Thriller
312,Comedy
313,Animation
313,Children's
314,Drama
315,Action
316,Action
316,Adventure
316,Sci-Fi
317,Children's
317,Comedy
317,Fantasy
318,Drama
319,Thriller
320,Film-Noir
320,Thriller
321,Drama
322,Comedy
322,Drama
324,Comedy
325,Comedy
326,Drama
327,Action
327,Comedy
327,Musical
327,Sci-Fi
328,Horror
329,Action
329,Adventure
329,Sci-Fi
330,Comedy
330,Horror
331,Drama
332,Horror
332,Sci-Fi
333,Comedy
334,Drama
335,Mystery
335,Thriller
336,Drama
336,War
337,Drama
338,Sci-Fi
338,Thriller
339,Comedy
339,Romance
340,Adventure
340,Drama
341,Drama
342,Comedy
342,Romance
343,Children's
344,Comedy
345,Comedy
345,Drama
346,Drama
346,Musical
347,Drama
348,Comedy
349,Action
349,Adventure
349,Thriller
350,Drama
350,Mystery
350,Thriller
351,Comedy
351,Drama
351,Romance
352,Comedy
353,Action
353,Romance
353,Thriller
354,Drama
355,Children's
355,Comedy
356,Comedy
356,Romance
356,War
357,Comedy
357,Romance
358,Drama
359,Comedy
359,Drama
359,Romance
360,Action
360,Comedy
361,Drama
361,Romance
362,Adventure
362,Children's
362,Romance
363,Documentary
364,Animation
364,Children's
364,Musical
365,Drama
366,Horror
367,Comedy
367,Crime
367,Fantasy
368,Action
368,Comedy
368,Western
369,Drama
370,Comedy
371,Comedy
371,Drama
372,Comedy
372,Drama
373,Thriller
374,Children's
374,Comedy
375,Drama
376,Action
376,Thriller
377,Action
377,Romance
377,Thriller
378,Comedy
378,Romance
379,Action
379,Sci-Fi
380,Action
380,Adventure
380,Comedy
380,Romance
381,Drama
382,Drama
382,Horror
383,Western
384,Action
385,Drama
386,Drama
387,Action
387,Comedy
388,Drama
389,Drama
389,Romance
389,War
390,Action
390,Comedy
390,Drama
391,Crime
391,Drama
392,Adventure
392,Children's
393,Action
394,Action
395,Drama
396,Drama
397,Horror
398,Documentary
399,Drama
400,Drama
401,Action
401,Thriller
402,Comedy
403,Comedy
403,Crime
403,Drama
404,Documentary
405,Action
405,Sci-Fi
406,Drama
407,Horror
407,Thriller
408,Drama
409,Drama
410,Comedy
411,Comedy
412,Drama
413,Comedy
414,Comedy
415,Comedy
415,Thriller
416,Western
417,Comedy
417,Romance
418,Drama
419,Comedy
420,Action
420,Comedy
421,Adventure
421,Children's
422,Thriller
423,Action
423,Thriller
424,Drama
425,Drama
425,Romance
426,Horror
426,Sci-Fi
426,Thriller
427,Mystery
427,Romance
427,Thriller
428,Drama
429,Comedy
430,Drama
431,Crime
431,Drama
432,Comedy
432,Western
433,Comedy
434,Action
434,Adventure
434,Crime
435,Comedy
435,Sci-Fi
436,Drama
436,Thriller
437,Comedy
438,Action
438,Comedy
439,Drama
440,Comedy
440,Romance
441,Comedy
442,Action
442,Sci-Fi
443,Documentary
444,Comedy
444,Romance
445,Comedy
446,Drama
446,Romance
447,Comedy
447,Romance
448,Drama
449,Comedy
450,Comedy
450,Drama
451,Drama
451,Mystery
451,Romance
452,Drama
453,Comedy
454,Drama
454,Thriller
455,Adventure
455,Children's
455,Drama
456,Drama
457,Action
457,Thriller
458,Drama
458,Western
459,Action
460,Comedy
461,Drama
461,Romance
462,Action
462,Adventure
463,Crime
463,Drama
463,Thriller
464,Action
464,Adventure
464,Crime
464,Thriller
465,Action
465,Drama
465,War
466,Action
466,Comedy
466,War
467,Comedy
468,Comedy
468,Romance
469,Drama
469,Romance
470,Comedy
471,Comedy
471,Romance
472,Comedy
472,Drama
473,Comedy
473,War
474,Action
474,Thriller
475,Drama
476,Comedy
476,Drama
477,Drama
478,Comedy
479,Action
480,Action
480,Adventure
480,Sci-Fi
481,Drama
481,Thriller
482,Thriller
483,Drama
484,Adventure
484,Children's
485,Action
485,Comedy
486,Comedy
487,Comedy
487,Western
488,Drama
489,Comedy
490,Thriller
491,Drama
492,Comedy
492,Mystery
493,Action
493,Crime
493,Drama
494,Action
494,Thriller
495,Drama
496,Comedy
496,Drama
496,Romance
497,Comedy
497,Romance
498,Drama
498,Romance
499,Comedy
499,Romance
500,Comedy
501,Drama
502,Action
502,Children's
503,Drama
504,Action
504,Sci-Fi
505,Comedy
506,Drama
507,Action
507,Drama
508,Drama
509,Drama
509,Romance
510,Drama
511,Action
511,Drama
512,Horror
512,Sci-Fi
513,Comedy
513,Mystery
513,Romance
514,Comedy
515,Drama
516,Comedy
516,Drama
516,War
517,Action
517,Drama
517,Mystery
518,Comedy
519,Sci-Fi
519,Thriller
520,Comedy
521,Crime
521,Thriller
522,Action
522,Drama
523,Drama
524,Drama
525,Drama
526,Drama
527,Drama
527,War
528,Drama
529,Drama
530,Drama
531,Children's
531,Drama
532,Comedy
532,Crime
532,Horror
533,Action
534,Drama
534,Romance
535,Drama
536,Drama
537,Comedy
537,Drama
538,Drama
539,Comedy
539,Romance
540,Thriller
541,Film-Noir
541,Sci-Fi
542,Comedy
543,Comedy
543,Romance
543,Thriller
544,Action
545,Drama
546,Action
546,Adventure
546,Children's
546,Sci-Fi
547,Action
547,Adventure
547,Thriller
548,Action
549,Documentary
550,Comedy
550,Romance
551,Children's
551,Comedy
551,Musical
552,Action
552,Adventure
552,Comedy
553,Western
554,Thriller
555,Action
555,Crime
555,Romance
556,Documentary
557,Drama
558,Action
558,Adventure
558,Animation
558,Children's
558,Fantasy
559,Comedy
560,Drama
561,Thriller
562,Comedy
562,Drama
563,Drama
564,Comedy
565,Horror
566,Comedy
566,Romance
567,Drama
568,Comedy
568,Drama
569,Children's
569,Comedy
570,Comedy
570,Drama
571,Drama
572,Drama
573,Drama
574,Comedy
574,Drama
575,Children's
575,Comedy
576,Comedy
577,Adventure
577,Children's
578,Drama
578,Mystery
579,Thriller
580,Drama
581,Documentary
582,Comedy
583,Comedy
583,Drama
584,Drama
585,Comedy
586,Children's
586,Comedy
587,Comedy
587,Romance
587,Thriller
588,Animation
588,Children's
588,Comedy
588,Musical
589,Action
589,Sci-Fi
589,Thriller
590,Adventure
590,Drama
590,Western
591,Action
591,Drama
591,Thriller
592,Action
592,Adventure
592,Crime
592,Drama
593,Drama
593,Thriller
594,Animation
594,Children's
594,Musical
595,Animation
595,Children's
595,Musical
596,Animation
596,Children's
597,Comedy
597,Romance
598,Comedy
599,Western
600,Thriller
601,Drama
602,Documentary
603,Comedy
604,Documentary
605,Drama
605,Romance
606,Horror
607,Drama
608,Crime
608,Drama
608,Thriller
609,Adventure
609,Children's
610,Action
610,Adventure
610,Animation
610,Horror
610,Sci-Fi
611,Action
611,Horror
611,Sci-Fi
612,Comedy
613,Drama
613,Romance
614,Drama
614,Thriller
615,Drama
616,Animation
616,Children's
617,Drama
618,Comedy
618,Romance
619,Comedy
620,Drama
621,Drama
623,Romance
624,Action
624,Drama
624,Thriller
625,Drama
626,Comedy
627,Drama
627,Thriller
628,Drama
628,Thriller
629,Drama
630,Drama
630,Romance
631,Animation
631,Children's
631,Musical
632,War
633,Comedy
634,Comedy
635,Comedy
635,Drama
636,Drama
637,Comedy
638,Romance
639,Comedy
640,Drama
640,Thriller
641,Comedy
642,Drama
643,Comedy
644,Comedy
645,Drama
647,Drama
647,War
648,Action
648,Adventure
648,Mystery
649,Comedy
649,Drama
650,Drama
651,Comedy
652,Mystery
653,Action
653,Adventure
653,Fantasy
654,Drama
654,Romance
655,Comedy
656,Comedy
657,Comedy
657,Drama
658,Drama
659,Crime
659,Thriller
660,Drama
661,Animation
661,Children's
661,Musical
662,Thriller
663,Comedy
664,Comedy
665,War
666,Drama
667,Action
668,Drama
669,Drama
670,Drama
671,Comedy
671,Sci-Fi
672,Drama
673,Adventure
673,Animation
673,Children's
673,Comedy
673,Fantasy
674,Adventure
674,Sci-Fi
675,Action
675,Drama
675,Thriller
676,Drama
678,Drama
678,Thriller
679,Drama
680,Sci-Fi
681,Crime
682,Documentary
682,Drama
683,Documentary
684,Drama
685,Drama
687,Drama
687,Romance
688,Action
688,Adventure
688,Comedy
688,War
690,Romance
691,Comedy
691,Romance
692,Action
692,Sci-Fi
692,Thriller
693,Drama
694,Action
695,Mystery
695,Thriller
696,Thriller
697,Drama
697,Romance
698,Drama
699,Drama
700,Comedy
701,Drama
702,Drama
703,Drama
704,Action
704,Adventure
705,Comedy
706,Drama
707,Crime
707,Film-Noir
707,Thriller
708,Comedy
708,Romance
709,Animation
709,Children's
710,Comedy
711,Adventure
711,Children's
712,Drama
713,Drama
714,Western
715,Drama
716,Crime
717,Comedy
718,Comedy
718,Sci-Fi
719,Comedy
720,Animation
721,Drama
722,Documentary
723,Drama
724,Drama
724,Horror
725,Comedy
726,Drama
727,Documentary
728,Comedy
729,Drama
730,Drama
731,Mystery
731,Thriller
732,Crime
733,Action
733,Adventure
733,Thriller
734,Comedy
735,Comedy
735,Horror
736,Action
736,Adventure
736,Romance
736,Thriller
737,Action
737,Sci-Fi
738,Drama
739,Comedy
741,Animation
741,Sci-Fi
742,Horror
742,Thriller
743,Comedy
744,Drama
745,Animation
745,Comedy
745,Thriller
746,Film-Noir
747,Comedy
748,Action
748,Sci-Fi
748,Thriller
749,Drama
750,Sci-Fi
750,War
751,Comedy
752,Comedy
752,Romance
753,Comedy
753,Drama
754,Adventure
754,Children's
755,Children's
755,Drama
756,Documentary
757,Drama
758,Drama
759,Documentary
760,War
761,Adventure
762,Comedy
762,Crime
763,Drama
764,Drama
764,Romance
765,Comedy
765,Drama
766,Drama
767,Drama
768,Drama
769,Documentary
770,Drama
771,Comedy
771,Drama
772,Comedy
773,Drama
774,Drama
775,Horror
776,Comedy
776,Drama
777,War
778,Drama
779,Drama
779,Romance
780,Action
780,Sci-Fi
780,War
781,Drama
782,Thriller
783,Animation
783,Children's
783,Musical
784,Comedy
785,Comedy
786,Action
786,Thriller
787,Documentary
788,Comedy
788,Fantasy
788,Romance
788,Sci-Fi
789,Drama
790,Drama
791,Documentary
792,Fantasy
793,Drama
794,Comedy
794,Drama
795,Drama
796,Drama
797,Comedy
798,Action
798,Adventure
798,Thriller
799,Comedy
799,Horror
800,Drama
800,Mystery
801,Children's
801,Comedy
802,Drama
802,Romance
803,Romance
804,Comedy
804,Romance
805,Drama
806,Drama
807,Comedy
807,Romance
808,Adventure
808,Children's
809,Action
809,Adventure
810,Children's
810,Comedy
810,Fantasy
811,Comedy
812,Drama
813,Comedy
814,Drama
815,Action
815,Mystery
815,Thriller
816,Drama
818,Comedy
819,Comedy
819,Drama
820,Drama
821,Romance
822,Drama
823,Drama
824,Drama
825,Comedy
825,Romance
826,Drama
827,Drama
828,Adventure
828,Children's
829,Comedy
829,Musical
830,Comedy
831,Drama
832,Drama
832,Thriller
833,Comedy
834,Comedy
835,Drama
836,Action
836,Adventure
836,Thriller
837,Children's
837,Comedy
838,Comedy
838,Drama
838,Romance
839,Action
839,Thriller
840,Comedy
841,Horror
842,Horror
843,Drama
844,Drama
845,Drama
846,Drama
847,Comedy
847,Drama
848,Drama
849,Action
849,Adventure
849,Sci-Fi
849,Thriller
850,Crime
850,Drama
851,Drama
852,Comedy
852,Romance
853,Drama
854,Drama
855,Drama
856,Comedy
857,Drama
858,Action
858,Crime
858,Drama
859,Documentary
860,Comedy
861,Action
861,Thriller
862,Drama
863,Comedy
864,Comedy
864,Drama
865,Drama
866,Crime
866,Drama
866,Romance
866,Thriller
867,Comedy
867,Crime
868,Comedy
869,Crime
870,Comedy
871,Comedy
872,Drama
873,Drama
874,Crime
874,Drama
875,Drama
876,Action
877,Drama
878,Drama
879,Horror
880,Sci-Fi
880,Thriller
881,Children's
881,Comedy
882,Drama
882,Thriller
884,Drama
885,Children's
885,Drama
885,Fantasy
886,Action
887,Drama
888,Animation
888,Children's
889,Romance
890,Thriller
891,Horror
891,Thriller
892,Comedy
892,Drama
892,Romance
893,Drama
894,Romance
895,Drama
896,Drama
897,Adventure
897,War
898,Comedy
898,Romance
899,Musical
899,Romance
900,Musical
900,Romance
901,Comedy
901,Musical
902,Drama
902,Romance
903,Mystery
903,Thriller
904,Mystery
904,Thriller
905,Comedy
906,Mystery
906,Thriller
907,Comedy
907,Musical
907,Romance
908,Drama
908,Thriller
909,Comedy
909,Drama
910,Comedy
910,Crime
911,Comedy
911,Mystery
911,Romance
911,Thriller
912,Drama
912,Romance
912,War
913,Film-Noir
913,Mystery
914,Musical
914,Romance
915,Comedy
915,Romance
916,Comedy
916,Romance
917,Children's
917,Drama
918,Musical
919,Adventure
919,Children's
919,Drama
919,Musical
920,Drama
920,Romance
920,War
921,Comedy
922,Film-Noir
923,Drama
924,Drama
924,Mystery
924,Sci-Fi
924,Thriller
925,Adventure
925,Romance
926,Drama
927,Comedy
928,Romance
928,Thriller
929,Thriller
930,Film-Noir
930,Romance
930,Thriller
931,Mystery
931,Romance
931,Thriller
932,Romance
933,Comedy
933,Romance
933,Thriller
934,Comedy
935,Comedy
935,Musical
936,Comedy
936,Romance
937,Comedy
937,Romance
938,Musical
939,Comedy
939,Drama
940,Action
940,Adventure
941,Adventure
942,Crime
942,Film-Noir
942,Mystery
943,Drama
943,Romance
944,Drama
945,Comedy
945,Musical
945,Romance
946,Comedy
946,Drama
946,War
947,Comedy
948,Drama
949,Drama
950,Mystery
951,Comedy
952,Adventure
952,Comedy
953,Drama
954,Drama
955,Comedy
956,Drama
956,Romance
957,Drama
958,Comedy
958,Mystery
959,Drama
960,Crime
960,Drama
961,Drama
962,Crime
962,Drama
963,Musical
964,Western
965,Thriller
966,Drama
967,Western
968,Horror
968,Sci-Fi
969,Action
969,Adventure
969,Romance
969,War
970,Comedy
970,Drama
971,Drama
972,Drama
973,Drama
974,Drama
974,Romance
975,Comedy
975,Musical
976,Romance
976,War
977,Mystery
978,Drama
979,Drama
979,War
980,Action
981,Drama
982,Drama
983,Romance
984,Comedy
984,Drama
985,Documentary
986,Adventure
986,Children's
987,Drama
987,Romance
988,Comedy
988,Drama
989,Drama
990,Action
990,Adventure
990,Thriller
991,Drama
991,War
992,Thriller
993,Drama
994,Drama
996,Action
996,Drama
996,Western
997,Drama
997,Thriller
998,Action
998,Crime
999,Crime
1000,Crime
1001,Comedy
1002,Comedy
1003,Drama
1003,Thriller
1004,Action
1004,Thriller
1005,Children's
1005,Comedy
1006,Drama
1007,Children's
1007,Comedy
1007,Western
1008,Western
1009,Adventure
1009,Children's
1009,Fantasy
1010,Children's
1010,Comedy
1011,Adventure
1011,Children's
1011,Comedy
1012,Children's
1012,Drama
1013,Children's
1013,Drama
1014,Children's
1014,Comedy
1014,Drama
1015,Adventure
1015,Children's
1016,Children's
1016,Comedy
1017,Adventure
1017,Children's
1018,Children's
1018,Comedy
1018,Mystery
1019,Adventure
1019,Children's
1019,Fantasy
1019,Sci-Fi
1020,Comedy
1021,Children's
1021,Comedy
1022,Animation
1022,Children's
1022,Musical
1023,Animation
1023,Children's
1024,Animation
1024,Children's
1024,Musical
1025,Animation
1025,Children's
1026,Children's
1026,Drama
1027,Drama
1028,Children's
1028,Comedy
1028,Musical
1029,Animation
1029,Children's
1029,Musical
1030,Adventure
1030,Animation
1030,Children's
1030,Musical
1031,Adventure
1031,Children's
1031,Musical
1032,Animation
1032,Children's
1032,Musical
1033,Animation
1033,Children's
1034,Crime
1035,Musical
1036,Action
1036,Thriller
1037,Action
1037,Sci-Fi
1037,Thriller
1038,Drama
1039,Documentary
1040,Drama
1041,Drama
1042,Comedy
1043,Drama
1043,Romance
1044,Drama
1045,Comedy
1045,Drama
1046,Drama
1046,Romance
1047,Action
1047,Thriller
1049,Action
1049,Adventure
1050,Documentary
1050,Drama
1051,Drama
1052,Drama
1053,Crime
1053,Drama
1054,Drama
1055,Thriller
1056,Drama
1057,Comedy
1057,Musical
1057,Romance
1058,Drama
1059,Drama
1059,Romance
1060,Comedy
1060,Drama
1061,Crime
1061,Drama
1062,Drama
1063,Drama
1064,Animation
1064,Children's
1064,Comedy
1065,Mystery
1066,Comedy
1066,Musical
1066,Romance
1067,Comedy
1067,Musical
1067,Romance
1068,Crime
1068,Film-Noir
1069,Film-Noir
1069,Thriller
1070,Adventure
1071,Romance
1071,War
1073,Adventure
1073,Children's
1073,Comedy
1073,Fantasy
1075,Comedy
1076,Thriller
1077,Comedy
1077,Sci-Fi
1078,Comedy
1078,War
1079,Comedy
1080,Comedy
1081,Comedy
1081,Musical
1082,Drama
1083,Comedy
1083,Musical
1084,Crime
1084,Drama
1085,Adventure
1085,Drama
1086,Mystery
1086,Thriller
1087,Musical
1088,Musical
1088,Romance
1089,Crime
1089,Thriller
1090,Drama
1090,War
1091,Comedy
1092,Mystery
1092,Thriller
1093,Drama
1093,Musical
1094,Drama
1094,Romance
1094,War
1095,Drama
1096,Drama
1097,Children's
1097,Drama
1097,Fantasy
1097,Sci-Fi
1098,Comedy
1099,Drama
1100,Action
1100,Romance
1101,Action
1101,Romance
1102,Action
1103,Drama
1104,Drama
1105,Horror
1106,Documentary
1107,Comedy
1108,Documentary
1109,Drama
1110,Action
1111,Documentary
1112,Action
1112,Drama
1113,Comedy
1114,Drama
1115,Comedy
1115,Drama
1116,Drama
1117,Drama
1118,Adventure
1118,Western
1119,Drama
1120,Drama
1121,Drama
1122,Documentary
1123,Documentary
1124,Drama
1125,Comedy
1126,Comedy
1126,Fantasy
1127,Action
1127,Adventure
1127,Sci-Fi
1127,Thriller
1128,Horror
1129,Action
1129,Adventure
1129,Sci-Fi
1129,Thriller
1130,Horror
1131,Drama
1132,Drama
1133,Comedy
1133,Drama
1134,Action
1134,Drama
1135,Comedy
1136,Comedy
1137,Romance
1138,Documentary
1139,Drama
1140,Drama
1141,Drama
1142,Drama
1143,Comedy
1144,Documentary
1145,Documentary
1146,Comedy
1146,Drama
1147,Documentary
1148,Animation
1148,Comedy
1149,Documentary
1149,Drama
1150,Drama
1151,Animation
1151,Comedy
1151,Thriller
1152,Crime
1152,Film-Noir
1152,Thriller
1153,Film-Noir
1154,Film-Noir
1155,Drama
1156,Drama
1157,Drama
1158,Comedy
1159,Romance
1160,Comedy
1161,Drama
1162,Comedy
1163,Drama
1164,Drama
1165,Drama
1165,Thriller
1166,Comedy
1167,Comedy
1168,Horror
1169,Documentary
1170,Action
1171,Comedy
1172,Comedy
1172,Drama
1172,Romance
1173,Drama
1174,Comedy
1175,Comedy
1175,Sci-Fi
1176,Drama
1177,Drama
1178,Drama
1178,War
1179,Crime
1179,Drama
1179,Film-Noir
1180,Comedy
1181,Action
1183,Drama
1183,Romance
1183,War
1184,Comedy
1184,War
1185,Drama
1186,Drama
1187,Drama
1188,Comedy
1188,Romance
1189,Documentary
1190,Drama
1191,Documentary
1192,Documentary
1193,Drama
1194,Comedy
1196,Action
1196,Adventure
1196,Drama
1196,Sci-Fi
1196,War
1197,Action
1197,Adventure
1197,Comedy
1197,Romance
1198,Action
1198,Adventure
1199,Sci-Fi
1200,Action
1200,Sci-Fi
1200,Thriller
1200,War
1201,Action
1201,Western
1202,Comedy
1203,Drama
1204,Adventure
1204,War
1205,Action
1205,Animation
1205,Children's
1205,Sci-Fi
1205,Thriller
1205,War
1206,Sci-Fi
1207,Drama
1208,Drama
1208,War
1209,Western
1210,Action
1210,Adventure
1210,Romance
1210,Sci-Fi
1210,War
1211,Comedy
1211,Drama
1211,Romance
1212,Mystery
1212,Thriller
1213,Crime
1213,Drama
1214,Action
1214,Horror
1214,Sci-Fi
1214,Thriller
1215,Action
1215,Adventure
1215,Comedy
1215,Horror
1215,Sci-Fi
1216,Adventure
1216,Romance
1217,Drama
1217,War
1218,Action
1218,Thriller
1219,Horror
1219,Thriller
1220,Action
1220,Comedy
1220,Musical
1221,Action
1221,Crime
1221,Drama
1222,Action
1222,Drama
1222,War
1223,Animation
1223,Comedy
1224,Drama
1224,War
1225,Drama
1226,Comedy
1226,Romance
1227,Crime
1227,Drama
1227,Thriller
1228,Drama
1230,Comedy
1230,Romance
1231,Drama
1232,Mystery
1232,Sci-Fi
1233,Action
1233,Drama
1233,War
1234,Comedy
1234,Crime
1235,Comedy
1236,Comedy
1236,Drama
1237,Drama
1238,Comedy
1240,Action
1240,Sci-Fi
1240,Thriller
1241,Comedy
1241,Horror
1242,Action
1242,Drama
1242,War
1243,Comedy
1243,Drama
1244,Comedy
1244,Drama
1244,Romance
1245,Drama
1246,Drama
1247,Drama
1247,Romance
1248,Crime
1248,Film-Noir
1248,Thriller
1249,Thriller
1250,Drama
1250,War
1251,Drama
1252,Film-Noir
1252,Mystery
1252,Thriller
1253,Drama
1253,Sci-Fi
1254,Adventure
1255,Comedy
1255,Horror
1256,Comedy
1256,War
1257,Comedy
1258,Horror
1259,Adventure
1259,Comedy
1259,Drama
1260,Crime
1260,Film-Noir
1260,Thriller
1261,Action
1261,Adventure
1261,Comedy
1261,Horror
1262,Adventure
1262,War
1263,Drama
1263,War
1264,Action
1264,Drama
1264,Mystery
1264,Romance
1264,Thriller
1265,Comedy
1265,Romance
1266,Western
1267,Film-Noir
1267,Thriller
1268,Drama
1269,Comedy
1269,Mystery
1269,Thriller
1270,Comedy
1270,Sci-Fi
1271,Drama
1272,Drama
1272,War
1273,Comedy
1273,Drama
1274,Adventure
1274,Animation
1274,Sci-Fi
1274,Thriller
1275,Action
1275,Adventure
1276,Comedy
1276,Drama
1277,Action
1277,Drama
1277,Romance
1278,Comedy
1278,Horror
1279,Comedy
1279,Drama
1280,Drama
1281,Comedy
1282,Animation
1282,Children's
1282,Musical
1283,Western
1284,Film-Noir
1284,Mystery
1285,Comedy
1286,Drama
1286,Romance
1287,Action
1287,Adventure
1287,Drama
1288,Comedy
1288,Drama
1288,Musical
1289,Documentary
1289,War
1290,Drama
1290,Romance
1291,Action
1291,Adventure
1292,Comedy
1293,Drama
1294,Comedy
1294,War
1295,Drama
1296,Drama
1296,Romance
1297,Comedy
1298,Drama
1298,Musical
1298,War
1299,Drama
1299,War
1300,Drama
1301,Sci-Fi
1302,Drama
1303,Adventure
1304,Action
1304,Comedy
1304,Western
1305,Drama
1306,Drama
1306,Sci-Fi
1307,Comedy
1307,Romance
1308,Comedy
1309,Drama
1309,Romance
1310,Documentary
1311,Comedy
1312,Drama
1313,Crime
1314,Romance
1315,Documentary
1316,Drama
1317,Comedy
1318,Comedy
1318,Drama
1319,Documentary
1320,Action
1320,Horror
1320,Sci-Fi
1320,Thriller
1321,Horror
1322,Horror
1323,Horror
1324,Horror
1325,Horror
1326,Horror
1327,Horror
1328,Horror
1329,Horror
1330,Comedy
1330,Horror
1331,Horror
1332,Horror
1332,Thriller
1333,Horror
1334,Horror
1334,Sci-Fi
1335,Action
1335,Horror
1336,Horror
1337,Horror
1339,Horror
1339,Romance
1340,Horror
1341,Horror
1342,Horror
1343,Thriller
1344,Film-Noir
1344,Thriller
1345,Horror
1346,Horror
1347,Horror
1348,Horror
1349,Horror
1350,Horror
1351,Drama
1352,Crime
1352,Thriller
1353,Comedy
1353,Romance
1354,Drama
1355,Horror
1355,Thriller
1356,Action
1356,Adventure
1356,Sci-Fi
1357,Drama
1357,Romance
1358,Drama
1358,Thriller
1359,Adventure
1359,Children's
1359,Comedy
1360,Drama
1361,Documentary
1362,Drama
1363,Drama
1364,Action
1365,Drama
1366,Drama
1367,Children's
1367,Comedy
1368,Drama
1369,Drama
1369,Thriller
1370,Action
1370,Thriller
1371,Action
1371,Adventure
1371,Sci-Fi
1372,Action
1372,Adventure
1372,Sci-Fi
1373,Action
1373,Adventure
1373,Sci-Fi
1374,Action
1374,Adventure
1374,Sci-Fi
1375,Action
1375,Adventure
1375,Sci-Fi
1376,Action
1376,Adventure
1376,Sci-Fi
1377,Action
1377,Adventure
1377,Comedy
1377,Crime
1378,Action
1378,Comedy
1378,Western
1379,Action
1379,Comedy
1379,Western
1380,Comedy
1380,Musical
1380,Romance
1381,Comedy
1381,Musical
1381,Romance
1382,Action
1382,Drama
1383,Action
1383,Sci-Fi
1384,Drama
1385,Action
1386,Western
1387,Action
1387,Horror
1388,Action
1388,Horror
1389,Action
1389,Horror
1390,Comedy
1391,Action
1391,Comedy
1391,Sci-Fi
1391,War
1392,Comedy
1392,Drama
1393,Drama
1393,Romance
1394,Comedy
1395,Comedy
1395,Drama
1396,Crime
1396,Drama
1396,Sci-Fi
1397,Drama
1398,Romance
1398,War
1399,Drama
1400,Drama
1401,Drama
1404,Crime
1404,Drama
1405,Animation
1405,Comedy
1406,Drama
1407,Horror
1407,Thriller
1408,Action
1408,Romance
1408,War
1409,Comedy
1409,Romance
1410,Comedy
1410,Drama
1411,Drama
1412,Drama
1413,Drama
1414,Comedy
1415,Crime
1415,Drama
1415,Romance
1416,Drama
1416,Musical
1417,Drama
1419,Drama
1420,Documentary
1421,Documentary
1422,Mystery
1422,Thriller
1423,Drama
1424,Action
1425,Comedy
1426,Children's
1427,Thriller
1428,Drama
1429,Action
1430,Thriller
1431,Action
1431,Comedy
1432,Action
1433,Comedy
1433,Horror
1434,Action
1436,Comedy
1437,Drama
1438,Action
1438,Thriller
1439,Comedy
1440,Comedy
1441,Comedy
1441,Romance
1442,Drama
1443,Documentary
1444,Comedy
1445,Comedy
1445,War
1446,Comedy
1447,Crime
1448,Documentary
1449,Comedy
1450,War
1453,Comedy
1453,Romance
1454,Comedy
1455,Comedy
1455,Romance
1456,Comedy
1457,Comedy
1457,Romance
1458,Romance
1459,Mystery
1459,Thriller
1460,Children's
1460,Comedy
1460,Mystery
1461,Comedy
1462,Documentary
1463,Comedy
1463,Romance
1464,Mystery
1465,Drama
1466,Crime
1466,Drama
1467,Comedy
1467,Drama
1468,Comedy
1468,Romance
1470,Documentary
1471,Drama
1472,Crime
1472,Thriller
1473,Action
1473,Comedy
1473,Crime
1473,Drama
1474,Children's
1474,Comedy
1475,Romance
1476,Comedy
1476,Drama
1477,Romance
1479,Action
1479,Romance
1479,Thriller
1480,Action
1480,Drama
1480,Thriller
1482,Comedy
1482,Drama
1483,Drama
1483,Thriller
1484,Mystery
1485,Comedy
1486,Drama
1487,Drama
1487,Musical
1488,Action
1488,Drama
1488,Thriller
1488,War
1489,Animation
1489,Children's
1489,Musical
1490,Comedy
1493,Romance
1494,Comedy
1495,Action
1495,Adventure
1495,Children's
1496,Drama
1496,Romance
1497,Action
1498,Drama
1498,Romance
1499,Action
1499,Adventure
1499,Thriller
1500,Comedy
1500,Crime
1501,Crime
1502,Romance
1503,Comedy
1504,Drama
1507,Drama
1507,War
1508,Drama
1509,Drama
1510,Drama
1511,Comedy
1513,Comedy
1514,Romance
1515,Drama
1515,Thriller
1516,Comedy
1517,Comedy
1518,Action
1518,Thriller
1519,Drama
1520,Romance
1522,Drama
1523,Action
1523,Crime
1523,Romance
1524,Drama
1525,Action
1525,Adventure
1525,Children's
1525,Fantasy
1526,Comedy
1527,Action
1527,Sci-Fi
1528,Comedy
1529,Drama
1531,Drama
1532,Comedy
1533,Drama
1534,Drama
1535,Drama
1535,Romance
1537,Comedy
1538,Adventure
1538,Children's
1539,Comedy
1539,Crime
1541,Comedy
1541,Romance
1542,Comedy
1542,Drama
1542,Romance
1543,Drama
1544,Action
1544,Adventure
1544,Sci-Fi
1544,Thriller
1545,Drama
1546,Comedy
1547,Children's
1547,Drama
1548,Drama
1549,Drama
1549,Romance
1550,Comedy
1550,Romance
1551,Adventure
1551,Children's
1551,Drama
1552,Action
1552,Adventure
1552,Thriller
1553,Comedy
1554,Drama
1554,Romance
1555,Drama
1556,Action
1556,Romance
1556,Thriller
1557,Drama
1558,Comedy
1559,Drama
1561,Comedy
1562,Action
1562,Adventure
1562,Crime
1563,Drama
1564,Comedy
1564,Romance
1565,Comedy
1565,Thriller
1566,Adventure
1566,Animation
1566,Children's
1566,Comedy
1566,Musical
1567,Drama
1568,Crime
1568,Drama
1568,Mystery
1569,Comedy
1569,Romance
1570,Sci-Fi
1571,Comedy
1571,Romance
1572,Drama
1573,Action
1573,Sci-Fi
1573,Thriller
1574,Romance
1575,Drama
1577,Drama
1578,Crime
1579,Drama
1580,Action
1580,Adventure
1580,Comedy
1580,Sci-Fi
1581,Comedy
1582,Adventure
1582,Children's
1583,Children's
1583,Fantasy
1584,Drama
1584,Sci-Fi
1585,Comedy
1586,Action
1586,Drama
1586,War
1587,Action
1587,Adventure
1588,Children's
1588,Comedy
1589,Crime
1589,Drama
1589,Mystery
1590,Action
1590,Mystery
1590,Sci-Fi
1590,Thriller
1591,Action
1591,Adventure
1591,Sci-Fi
1591,Thriller
1592,Children's
1592,Comedy
1593,Comedy
1593,Romance
1594,Drama
1595,Adventure
1595,Children's
1595,Drama
1596,Drama
1597,Action
1597,Mystery
1597,Romance
1597,Thriller
1598,Crime
1598,Drama
1598,Thriller
1599,Action
1600,Drama
1600,Romance
1601,Crime
1601,Drama
1601,Film-Noir
1602,Comedy
1603,Sci-Fi
1603,Thriller
1604,Action
1604,Comedy
1605,Adventure
1605,Romance
1606,Action
1606,Adventure
1608,Action
1608,Thriller
1609,Drama
1610,Action
1610,Thriller
1611,Drama
1612,Comedy
1613,Drama
1614,Comedy
1615,Adventure
1615,Thriller
1616,Action
1616,Thriller
1616,War
1617,Crime
1617,Film-Noir
1617,Mystery
1617,Thriller
1619,Drama
1619,War
1620,Crime
1620,Drama
1620,Thriller
1621,Drama
1622,Comedy
1622,Drama
1623,Horror
1624,Drama
1625,Mystery
1625,Thriller
1626,Action
1626,Drama
1626,Thriller
1627,Action
1627,Crime
1627,Mystery
1628,Drama
1629,Comedy
1629,Romance
1630,Comedy
1630,Drama
1631,Thriller
1632,Comedy
1632,Romance
1633,Drama
1635,Drama
1636,Action
1636,Thriller
1639,Drama
1639,Romance
1640,Comedy
1641,Comedy
1642,Comedy
1642,Drama
1643,Drama
1643,Romance
1644,Horror
1644,Mystery
1644,Thriller
1645,Crime
1645,Horror
1645,Mystery
1645,Thriller
1646,Comedy
1647,Crime
1647,Thriller
1648,Comedy
1648,Drama
1648,Thriller
1649,Documentary
1650,Drama
1651,Drama
1652,Documentary
1653,Drama
1653,Sci-Fi
1653,Thriller
1654,Children's
1654,Drama
1654,Fantasy
1655,Horror
1656,Romance
1657,Documentary
1658,Romance
1658,Thriller
1659,Drama
1660,Drama
1661,Thriller
1662,Crime
1663,Comedy
1664,Drama
1665,Comedy
1666,Romance
1667,Action
1667,Drama
1668,Drama
1669,Romance
1670,Drama
1670,War
1671,Crime
1672,Drama
1673,Drama
1674,Drama
1674,Romance
1674,Thriller
1675,Crime
1675,Thriller
1676,Action
1676,Adventure
1676,Sci-Fi
1676,War
1677,Comedy
1678,Drama
1679,Comedy
1680,Drama
1680,Romance
1681,Action
1681,Adventure
1682,Drama
1683,Drama
1683,Romance
1683,Thriller
1684,Romance
1685,Romance
1686,Crime
1686,Thriller
1687,Action
1687,Thriller
1688,Animation
1688,Children's
1688,Musical
1689,Comedy
1689,Mystery
1690,Action
1690,Horror
1690,Sci-Fi
1692,Horror
1692,Sci-Fi
1693,Drama
1694,Drama
1695,Drama
1696,Drama
1696,War
1697,Crime
1698,Comedy
1699,Drama
1701,Comedy
1701,Drama
1702,Children's
1702,Comedy
1702,Fantasy
1703,Comedy
1704,Drama
1705,Drama
1706,Drama
1707,Children's
1707,Comedy
1708,Drama
1709,Thriller
1710,Drama
1711,Comedy
1711,Crime
1711,Drama
1711,Mystery
1713,Children's
1713,Comedy
1714,Romance
1715,Thriller
1716,Drama
1717,Horror
1717,Thriller
1718,Thriller
1719,Drama
1720,Action
1720,Adventure
1720,Sci-Fi
1721,Drama
1721,Romance
1722,Action
1722,Romance
1722,Thriller
1723,Comedy
1723,Drama
1724,Drama
1725,Drama
1726,Drama
1727,Drama
1728,Drama
1729,Crime
1729,Drama
1730,Drama
1731,Comedy
1732,Comedy
1732,Crime
1732,Mystery
1732,Thriller
1733,Drama
1733,Romance
1734,Comedy
1734,Drama
1735,Drama
1735,Romance
1738,Comedy
1739,Action
1739,Children's
1740,Action
1740,Drama
1741,Drama
1742,Crime
1743,Documentary
1744,Action
1744,Adventure
1744,Thriller
1746,Comedy
1747,Comedy
1747,Drama
1748,Film-Noir
1748,Sci-Fi
1748,Thriller
1749,Romance
1750,Adventure
1750,Children's
1750,Fantasy
1750,Sci-Fi
1752,Action
1752,Thriller
1753,Comedy
1754,Action
1754,Mystery
1754,Thriller
1755,Romance
1756,Horror
1757,Drama
1758,Drama
1759,Drama
1760,Comedy
1760,Musical
1762,Action
1762,Horror
1762,Sci-Fi
1764,Comedy
1764,Thriller
1765,Crime
1765,Drama
1767,Drama
1767,Romance
1768,Drama
1769,Action
1769,Thriller
1770,Romance
1770,Thriller
1771,Horror
1772,Action
1772,Comedy
1772,Musical
1773,Action
1773,Drama
1774,Comedy
1774,Drama
1776,Drama
1777,Comedy
1777,Romance
1779,Adventure
1779,Sci-Fi
1779,Thriller
1780,Documentary
1781,Drama
1782,Comedy
1782,Romance
1783,Film-Noir
1783,Mystery
1783,Thriller
1784,Comedy
1784,Drama
1785,Action
1785,Crime
1787,Documentary
1788,Action
1788,Drama
1789,Drama
1791,Crime
1791,Drama
1792,Action
1792,Thriller
1793,Comedy
1794,Comedy
1794,Drama
1795,Drama
1796,Action
1796,Drama
1797,Documentary
1798,Thriller
1799,Crime
1799,Drama
1801,Action
1801,Drama
1801,Romance
1804,Crime
1804,Drama
1805,Crime
1805,Drama
1805,Mystery
1805,Thriller
1806,Adventure
1806,Children's
1806,Comedy
1807,Drama
1809,Comedy
1809,Crime
1809,Drama
1810,Drama
1811,Drama
1812,Children's
1812,Comedy
1812,Drama
1814,Drama
1815,Drama
1816,Comedy
1816,Drama
1817,Comedy
1817,Drama
1817,Romance
1819,Drama
1820,Drama
1821,Comedy
1821,Romance
1822,Children's
1822,Comedy
1824,Comedy
1824,Thriller
1825,Action
1825,Drama
1826,Adventure
1826,Children's
1827,Comedy
1827,Documentary
1829,Drama
1829,Romance
1830,Comedy
1831,Action
1831,Sci-Fi
1831,Thriller
1832,Action
1832,Drama
1833,Action
1833,Drama
1833,Thriller
1834,Drama
1834,Thriller
1835,Romance
1836,Drama
1837,Comedy
1839,Comedy
1840,Drama
1841,Drama
1841,Thriller
1842,Crime
1842,Drama
1843,Children's
1843,Comedy
1844,Drama
1845,Comedy
1845,Thriller
1846,Drama
1847,Drama
1847,Thriller
1848,Adventure
1848,Children's
1848,Comedy
1848,Fantasy
1849,Adventure
1850,Drama
1850,Romance
1851,Drama
1851,Romance
1852,Drama
1852,Thriller
1853,Comedy
1854,Comedy
1854,Romance
1855,Comedy
1856,Documentary
1856,Musical
1857,Comedy
1858,Action
1858,Comedy
1859,Drama
1860,Drama
1861,Comedy
1861,Thriller
1862,Horror
1862,Sci-Fi
1863,Comedy
1864,Comedy
1865,Documentary
1866,Action
1866,Comedy
1867,Action
1867,Adventure
1868,Drama
1868,War
1869,Action
1869,Thriller
1870,Comedy
1870,Drama
1871,Comedy
1871,Drama
1872,Drama
1873,Drama
1874,Comedy
1874,Romance
1875,Comedy
1876,Action
1876,Drama
1876,Sci-Fi
1876,Thriller
1877,Drama
1878,Comedy
1878,Romance
1879,Drama
1880,Drama
1881,Adventure
1881,Animation
1881,Children's
1881,Fantasy
1882,Action
1882,Sci-Fi
1883,Comedy
1884,Comedy
1884,Drama
1885,Comedy
1885,Drama
1886,Comedy
1887,Adventure
1887,Comedy
1888,Comedy
1888,Drama
1888,Romance
1889,Thriller
1890,Drama
1891,Horror
1891,Thriller
1892,Mystery
1892,Thriller
1893,Drama
1894,Adventure
1894,Comedy
1894,Romance
1895,Comedy
1895,Drama
1895,Romance
1896,Comedy
1897,Drama
1897,Romance
1898,Drama
1898,War
1899,Adventure
1899,Drama
1900,Drama
1901,Documentary
1902,Drama
1902,Romance
1903,Comedy
1904,Comedy
1904,Drama
1905,Drama
1906,Comedy
1906,Romance
1907,Animation
1907,Children's
1908,Drama
1908,Thriller
1909,Mystery
1909,Sci-Fi
1909,Thriller
1910,Action
1910,Comedy
1910,Crime
1911,Comedy
1912,Action
1912,Crime
1912,Romance
1913,Drama
1913,Mystery
1914,Comedy
1914,Drama
1915,Drama
1916,Action
1916,Comedy
1916,Drama
1917,Action
1917,Adventure
1917,Sci-Fi
1917,Thriller
1918,Action
1918,Comedy
1918,Crime
1918,Drama
1919,Children's
1919,Comedy
1920,Animation
1920,Children's
1920,Fantasy
1920,War
1921,Sci-Fi
1921,Thriller
1922,Drama
1923,Comedy
1924,Horror
1924,Sci-Fi
1925,Drama
1925,Romance
1925,War
1926,Musical
1927,War
1928,Western
1929,Drama
1930,Drama
1931,Adventure
1932,Musical
1933,Drama
1934,Comedy
1935,Drama
1936,Drama
1936,War
1937,Comedy
1938,Drama
1939,Drama
1939,War
1940,Drama
1941,Drama
1942,Drama
1943,Drama
1944,Drama
1944,Romance
1944,War
1945,Crime
1945,Drama
1946,Drama
1946,Romance
1947,Musical
1947,Romance
1948,Comedy
1949,Drama
1950,Drama
1950,Mystery
1951,Musical
1952,Drama
1953,Action
1953,Crime
1953,Drama
1953,Thriller
1954,Action
1954,Drama
1955,Drama
1956,Drama
1957,Drama
1958,Comedy
1958,Drama
1959,Drama
1959,Romance
1960,Drama
1960,War
1961,Drama
1962,Drama
1963,Comedy
1964,Drama
1964,Mystery
1965,Comedy
1965,Sci-Fi
1966,Comedy
1967,Adventure
1967,Children's
1967,Fantasy
1968,Comedy
1968,Drama
1969,Horror
1970,Horror
1971,Horror
1972,Horror
1973,Horror
1974,Horror
1975,Horror
1976,Horror
1977,Horror
1978,Horror
1979,Horror
1980,Horror
1981,Horror
1982,Horror
1983,Horror
1984,Horror
1985,Horror
1986,Horror
1987,Horror
1988,Horror
1989,Horror
1990,Horror
1991,Horror
1992,Horror
1993,Horror
1994,Horror
1994,Thriller
1995,Horror
1995,Thriller
1996,Horror
1996,Thriller
1997,Horror
1998,Horror
1999,Horror
2000,Action
2000,Comedy
2000,Crime
2000,Drama
2001,Action
2001,Comedy
2001,Crime
2001,Drama
2002,Action
2002,Comedy
2002,Crime
2002,Drama
2003,Comedy
2003,Horror
2004,Comedy
2004,Horror
2005,Adventure
2005,Children's
2005,Fantasy
2006,Action
2006,Adventure
2006,Romance
2007,Comedy
2008,Crime
2008,Drama
2008,Film-Noir
2009,Sci-Fi
2009,Thriller
2010,Sci-Fi
2011,Comedy
2011,Sci-Fi
2012,Comedy
2012,Sci-Fi
2012,Western
2013,Action
2013,Adventure
2014,Children's
2014,Comedy
2015,Children's
2015,Comedy
2015,Fantasy
2016,Children's
2016,Comedy
2016,Western
2017,Children's
2017,Fantasy
2017,Musical
2018,Animation
2018,Children's
2019,Action
2019,Drama
2020,Drama
2020,Romance
2021,Fantasy
2021,Sci-Fi
2022,Drama
2023,Action
2023,Crime
2023,Drama
2024,Drama
2024,Mystery
2025,Drama
2025,Romance
2026,Horror
2026,Thriller
2027,Comedy
2027,Crime
2028,Action
2028,Drama
2028,War
2029,Comedy
2029,Romance
2030,Drama
2031,Children's
2031,Comedy
2032,Children's
2032,Comedy
2033,Animation
2033,Children's
2034,Sci-Fi
2035,Children's
2035,Comedy
2036,Children's
2036,Comedy
2037,Adventure
2037,Children's
2037,Comedy
2038,Children's
2038,Comedy
2038,Sci-Fi
2039,Adventure
2039,Children's
2040,Children's
2040,Comedy
2041,Action
2041,Adventure
2041,Children's
2041,Comedy
2042,Children's
2042,Comedy
2043,Adventure
2043,Children's
2043,Fantasy
2044,Comedy
2045,Adventure
2045,Children's
2045,Drama
2045,Romance
2046,Adventure
2046,Children's
2046,Sci-Fi
2047,Children's
2048,Animation
2048,Children's
2049,Comedy
2049,Musical
2050,Adventure
2050,Children's
2050,Comedy
2051,Adventure
2051,Children's
2051,Comedy
2052,Children's
2052,Comedy
2053,Children's
2053,Comedy
2053,Sci-Fi
2054,Adventure
2054,Children's
2054,Comedy
2054,Fantasy
2054,Sci-Fi
2055,Comedy
2055,Western
2056,Adventure
2056,Children's
2057,Adventure
2057,Children's
2058,Action
2058,Thriller
2059,Children's
2059,Drama
2060,Comedy
2061,Documentary
2062,Drama
2062,Romance
2063,Drama
2063,Romance
2064,Comedy
2064,Documentary
2065,Comedy
2065,Drama
2065,Romance
2066,Film-Noir
2067,Drama
2067,Romance
2067,War
2068,Drama
2069,Drama
2070,Drama
2071,Drama
2072,Comedy
2073,Comedy
2074,Drama
2075,Drama
2075,War
2076,Drama
2076,Mystery
2077,Adventure
2077,Children's
2078,Animation
2078,Children's
2078,Comedy
2078,Musical
2079,Children's
2079,Drama
2080,Animation
2080,Children's
2080,Comedy
2080,Musical
2080,Romance
2081,Animation
2081,Children's
2081,Comedy
2081,Musical
2081,Romance
2082,Children's
2082,Comedy
2083,Children's
2083,Musical
2084,Children's
2084,Musical
2085,Animation
2085,Children's
2086,Drama
2086,Fantasy
2087,Animation
2087,Children's
2087,Fantasy
2087,Musical
2088,Adventure
2088,Comedy
2088,Musical
2089,Animation
2089,Children's
2090,Animation
2090,Children's
2091,Children's
2091,Sci-Fi
2092,Animation
2092,Children's
2092,Musical
2093,Adventure
2093,Children's
2093,Fantasy
2093,Sci-Fi
2094,Action
2094,Adventure
2094,Sci-Fi
2095,Children's
2095,Comedy
2096,Animation
2096,Children's
2096,Musical
2097,Children's
2097,Horror
2098,Children's
2098,Comedy
2099,Adventure
2099,Animation
2099,Children's
2099,Musical
2100,Comedy
2100,Fantasy
2100,Romance
2101,Adventure
2101,Drama
2102,Animation
2102,Children's
2102,Comedy
2102,Musical
2103,Adventure
2103,Children's
2104,Drama
2105,Action
2105,Adventure
2105,Fantasy
2105,Sci-Fi
2106,Drama
2106,War
2107,Horror
2107,Thriller
2108,Comedy
2108,Romance
2109,Comedy
2110,Comedy
2110,Crime
2110,Thriller
2111,Comedy
2112,Crime
2112,Drama
2113,Horror
2113,Thriller
2114,Drama
2115,Action
2115,Adventure
2116,Adventure
2116,Animation
2116,Children's
2116,Sci-Fi
2117,Drama
2117,Sci-Fi
2118,Horror
2118,Thriller
2119,Horror
2120,Drama
2120,Horror
2121,Horror
2121,Thriller
2122,Horror
2122,Thriller
2123,Animation
2123,Children's
2124,Comedy
2125,Drama
2125,Romance
2126,Action
2126,Crime
2126,Mystery
2126,Thriller
2127,Drama
2127,Romance
2128,Comedy
2129,Documentary
2130,Crime
2130,Drama
2130,Romance
2131,Drama
2132,Drama
2133,Adventure
2133,Comedy
2134,Comedy
2135,Adventure
2135,Musical
2136,Comedy
2137,Animation
2137,Children's
2138,Animation
2138,Children's
2138,Drama
2138,Fantasy
2139,Animation
2139,Children's
2140,Children's
2140,Fantasy
2140,Sci-Fi
2141,Animation
2141,Children's
2141,Comedy
2142,Animation
2142,Children's
2142,Comedy
2143,Adventure
2143,Fantasy
2143,Romance
2144,Comedy
2145,Comedy
2145,Drama
2145,Romance
2146,Drama
2146,Romance
2147,Drama
2148,Comedy
2148,Horror
2149,Comedy
2149,Horror
2150,Comedy
2151,Comedy
2152,Children's
2152,Comedy
2153,Action
2153,Adventure
2154,Drama
2154,Romance
2155,Comedy
2156,Comedy
2156,Drama
2157,Romance
2158,Crime
2158,Horror
2159,Crime
2159,Horror
2160,Horror
2160,Thriller
2161,Adventure
2161,Children's
2161,Fantasy
2162,Adventure
2162,Children's
2162,Fantasy
2163,Comedy
2163,Horror
2164,Drama
2165,Drama
2166,Drama
2166,Romance
2167,Action
2167,Adventure
2167,Horror
2168,Drama
2168,Romance
2169,Comedy
2170,Action
2170,Comedy
2171,Comedy
2171,Drama
2171,Romance
2172,Comedy
2173,Adventure
2173,Fantasy
2173,Sci-Fi
2174,Comedy
2174,Fantasy
2175,Drama
2175,Romance
2176,Thriller
2177,Comedy
2177,Thriller
2178,Thriller
2179,Thriller
2180,Thriller
2181,Thriller
2182,Drama
2182,Film-Noir
2182,Thriller
2183,Thriller
2184,Mystery
2184,Thriller
2185,Thriller
2186,Film-Noir
2186,Thriller
2187,Mystery
2187,Thriller
2188,Drama
2189,Animation
2190,Drama
2191,Comedy
2192,Drama
2193,Action
2193,Adventure
2193,Fantasy
2194,Action
2194,Crime
2194,Drama
2195,Comedy
2196,Action
2197,Drama
2198,Documentary
2199,Crime
2199,Drama
2200,Drama
2201,Drama
2202,Drama
2202,Thriller
2202,War
2203,Film-Noir
2203,Thriller
2204,Thriller
2205,Comedy
2206,Mystery
2206,Thriller
2207,Drama
2208,Comedy
2208,Mystery
2208,Romance
2208,Thriller
2209,Crime
2209,Thriller
2210,Thriller
2211,Thriller
2212,Thriller
2213,Comedy
2213,Musical
2214,Thriller
2215,Comedy
2215,Romance
2216,Drama
2217,Comedy
2217,Musical
2218,Drama
2219,Mystery
2219,Thriller
2220,Drama
2221,Thriller
2222,Comedy
2223,Comedy
2224,Drama
2225,Drama
2226,Drama
2227,Thriller
2228,Drama
2229,Drama
2230,Comedy
2231,Crime
2231,Drama
2232,Sci-Fi
2232,Thriller
2233,Drama
2234,Drama
2235,Drama
2235,War
2236,Drama
2237,Drama
2238,Comedy
2238,Drama
2239,Comedy
2239,Drama
2240,Drama
2241,Comedy
2242,Drama
2243,Comedy
2243,Drama
2243,Romance
2244,Comedy
2244,Romance
2245,Comedy
2245,Drama
2246,Comedy
2247,Comedy
2248,Comedy
2248,Drama
2248,Romance
2249,Comedy
2250,Drama
2251,Comedy
2252,Comedy
2252,Drama
2253,Action
2253,Comedy
2253,Fantasy
2254,Drama
2255,Comedy
2256,Horror
2256,Sci-Fi
2257,Comedy
2257,Romance
2258,Action
2259,Comedy
2259,Romance
2260,Action
2260,Crime
2261,Comedy
2262,Comedy
2262,Drama
2262,Romance
2263,Thriller
2264,Drama
2265,Adventure
2265,Comedy
2266,Comedy
2266,Romance
2267,Mystery
2267,Thriller
2268,Crime
2268,Drama
2269,Drama
2270,Documentary
2271,Drama
2272,Drama
2273,Action
2273,Thriller
2274,Drama
2275,Action
2275,Adventure
2275,Sci-Fi
2276,Drama
2277,Drama
2278,Action
2278,Crime
2278,Thriller
2279,Horror
2279,Thriller
2280,Crime
2281,Crime
2282,Comedy
2282,Drama
2283,Drama
2284,Drama
2285,Drama
2286,Comedy
2287,Sci-Fi
2287,Thriller
2287,War
2288,Action
2288,Horror
2288,Sci-Fi
2288,Thriller
2289,Comedy
2289,Drama
2290,Comedy
2290,Drama
2291,Drama
2291,Romance
2292,Romance
2293,Drama
2294,Animation
2294,Children's
2295,Comedy
2296,Comedy
2297,Drama
2297,Romance
2298,Thriller
2299,Comedy
2300,Comedy
2300,Musical
2301,Comedy
2302,Comedy
2303,Drama
2303,Musical
2304,Drama
2305,Drama
2306,Comedy
2307,Action
2307,Drama
2308,Action
2308,Crime
2309,Drama
2310,Drama
2311,Mystery
2311,Sci-Fi
2312,Drama
2313,Drama
2314,Drama
2315,Horror
2315,Thriller
2316,Drama
2316,Romance
2317,Comedy
2318,Comedy
2319,Comedy
2320,Drama
2320,Thriller
2321,Comedy
2322,Action
2322,Adventure
2322,Sci-Fi
2322,Thriller
2322,War
2323,Documentary
2324,Comedy
2324,Drama
2325,Comedy
2326,Drama
2326,Thriller
2327,Horror
2328,Horror
2329,Drama
2330,Documentary
2331,Comedy
2331,Romance
2332,Crime
2332,Drama
2333,Drama
2334,Action
2334,Thriller
2335,Comedy
2336,Drama
2337,Drama
2338,Horror
2338,Mystery
2338,Thriller
2339,Comedy
2339,Romance
2340,Romance
2341,Drama
2342,Comedy
2343,Drama
2344,Action
2344,Adventure
2344,Drama
2344,Thriller
2345,Drama
2346,Sci-Fi
2346,Thriller
2347,Action
2348,Drama
2349,Comedy
2349,Thriller
2350,Comedy
2351,Drama
2352,Comedy
2352,Drama
2353,Action
2353,Thriller
2354,Animation
2354,Children's
2354,Comedy
2355,Animation
2355,Children's
2355,Comedy
2356,Comedy
2357,Drama
2358,Drama
2359,Comedy
2360,Drama
2361,Comedy
2362,Drama
2363,Action
2363,Sci-Fi
2364,Action
2364,Sci-Fi
2365,Action
2365,Sci-Fi
2366,Action
2366,Adventure
2366,Horror
2367,Action
2367,Adventure
2367,Horror
2368,Action
2368,Adventure
2368,Horror
2369,Comedy
2369,Romance
2370,Action
2370,Adventure
2370,Drama
2371,Comedy
2372,Comedy
2373,Action
2373,Adventure
2374,Comedy
2374,Drama
2375,Comedy
2376,Action
2377,Horror
2377,Sci-Fi
2378,Comedy
2379,Comedy
2380,Comedy
2381,Comedy
2382,Comedy
2383,Comedy
2384,Children's
2384,Comedy
2385,Comedy
2385,Romance
2386,Drama
2387,Comedy
2387,Crime
2388,Drama
2388,Romance
2389,Crime
2389,Horror
2389,Thriller
2390,Comedy
2391,Crime
2391,Thriller
2392,Comedy
2392,Drama
2393,Action
2393,Sci-Fi
2394,Animation
2394,Musical
2395,Comedy
2396,Comedy
2396,Romance
2397,Drama
2398,Drama
2399,Adventure
2399,Children's
2399,Fantasy
2400,Children's
2400,Drama
2401,Western
2402,Action
2402,War
2403,Action
2404,Action
2404,War
2405,Action
2405,Adventure
2405,Comedy
2405,Romance
2406,Action
2406,Adventure
2406,Comedy
2406,Romance
2407,Comedy
2407,Sci-Fi
2408,Comedy
2408,Sci-Fi
2409,Action
2409,Drama
2410,Action
2410,Drama
2411,Action
2411,Drama
2412,Action
2412,Drama
2413,Comedy
2413,Mystery
2414,Action
2414,Adventure
2414,Mystery
2415,Drama
2415,Romance
2416,Comedy
2417,Comedy
2417,Drama
2418,Comedy
2419,Drama
2419,Thriller
2420,Drama
2421,Action
2421,Adventure
2421,Drama
2422,Action
2422,Adventure
2422,Drama
2423,Comedy
2424,Comedy
2424,Romance
2425,Crime
2426,Comedy
2426,Drama
2426,Romance
2427,Action
2427,Drama
2427,War
2428,Horror
2428,Sci-Fi
2429,Adventure
2429,Children's
2429,Drama
2430,Adventure
2430,Children's
2430,Drama
2431,Comedy
2431,Drama
2432,Drama
2433,Drama
2434,Drama
2435,Drama
2436,Comedy
2437,Drama
2438,Drama
2438,Thriller
2439,Drama
2440,Drama
2441,Drama
2441,Western
2442,Drama
2443,Drama
2443,Romance
2444,Comedy
2444,Drama
2445,Drama
2446,Thriller
2447,Comedy
2447,Drama
2448,Horror
2448,Sci-Fi
2449,Adventure
2449,Children's
2450,Adventure
2450,Children's
2450,Sci-Fi
2451,Horror
2452,Horror
2453,Drama
2453,Fantasy
2454,Horror
2454,Sci-Fi
2455,Horror
2455,Sci-Fi
2456,Horror
2456,Sci-Fi
2457,Action
2457,Comedy
2458,Comedy
2458,Crime
2459,Horror
2460,Horror
2461,Horror
2462,Horror
2463,Comedy
2464,Horror
2465,Horror
2466,Drama
2467,Mystery
2468,Action
2468,Comedy
2468,Romance
2468,Thriller
2469,Comedy
2469,Romance
2470,Adventure
2470,Comedy
2471,Adventure
2471,Comedy
2472,Comedy
2473,Comedy
2474,Drama
2475,Action
2475,Mystery
2475,Thriller
2476,Action
2476,War
2477,Adventure
2478,Comedy
2478,Western
2479,Drama
2479,Thriller
2480,Drama
2481,Drama
2481,Romance
2482,Comedy
2482,Romance
2483,Comedy
2483,Horror
2483,Thriller
2484,Comedy
2485,Comedy
2485,Romance
2486,Drama
2487,Action
2487,Comedy
2488,Drama
2488,Horror
2488,Thriller
2489,Drama
2490,Action
2490,Thriller
2491,Comedy
2491,Romance
2492,Comedy
2493,Drama
2494,Documentary
2495,Animation
2495,Sci-Fi
2496,Comedy
2496,Romance
2497,Romance
2498,Comedy
2498,Sci-Fi
2499,Comedy
2500,Comedy
2501,Drama
2502,Comedy
2502,Romance
2503,Drama
2504,Comedy
2504,Drama
2505,Thriller
2506,Comedy
2506,Drama
2506,Romance
2507,Comedy
2508,Drama
2509,Comedy
2510,Comedy
2510,Romance
2511,Crime
2512,Drama
2513,Horror
2514,Horror
2515,Horror
2516,Horror
2517,Horror
2518,Comedy
2519,Horror
2520,Drama
2521,Drama
2522,Drama
2523,Drama
2523,Thriller
2524,Action
2524,Drama
2525,Action
2525,Horror
2525,Sci-Fi
2526,Sci-Fi
2527,Action
2527,Sci-Fi
2527,Thriller
2527,Western
2528,Action
2528,Adventure
2528,Sci-Fi
2529,Action
2529,Sci-Fi
2530,Action
2530,Sci-Fi
2531,Action
2531,Sci-Fi
2532,Action
2532,Sci-Fi
2533,Action
2533,Sci-Fi
2534,Action
2535,Action
2536,Drama
2537,Adventure
2538,Documentary
2539,Comedy
2540,Action
2540,Crime
2540,Drama
2540,Thriller
2541,Drama
2542,Comedy
2542,Crime
2542,Thriller
2543,Comedy
2544,Drama
2545,Comedy
2546,Drama
2547,Drama
2548,Horror
2549,Action
2549,Sci-Fi
2550,Horror
2550,Thriller
2551,Drama
2551,Thriller
2552,Comedy
2553,Horror
2553,Sci-Fi
2553,Thriller
2554,Horror
2554,Sci-Fi
2554,Thriller
2555,Comedy
2556,Comedy
2556,Drama
2556,Romance
2557,Drama
2558,Comedy
2558,Romance
2559,Animation
2559,Children's
2560,Drama
2560,Horror
2561,Crime
2561,Thriller
2562,Drama
2563,Drama
2564,Drama
2565,Musical
2566,Animation
2566,Children's
2567,Comedy
2568,Action
2568,Crime
2569,Drama
2569,Romance
2570,Drama
2570,Romance
2571,Action
2571,Sci-Fi
2571,Thriller
2572,Comedy
2572,Romance
2573,Drama
2574,Comedy
2575,Drama
2576,Drama
2577,Comedy
2577,Drama
2578,Sci-Fi
2579,Drama
2580,Crime
2581,Comedy
2581,Romance
2582,Action
2582,Comedy
2583,Mystery
2584,Comedy
2585,Drama
2585,Romance
2586,Comedy
2586,Crime
2586,Thriller
2587,Comedy
2588,Drama
2589,Comedy
2589,Drama
2589,Romance
2590,Drama
2591,Comedy
2591,Romance
2592,Drama
2593,Comedy
2594,Drama
2594,Romance
2594,Sci-Fi
2595,Documentary
2596,Comedy
2596,Drama
2597,Comedy
2597,Romance
2598,Comedy
2599,Comedy
2600,Action
2600,Sci-Fi
2600,Thriller
2601,Comedy
2602,Adventure
2602,Sci-Fi
2603,Drama
2604,Documentary
2605,Crime
2605,Thriller
2606,Comedy
2606,Horror
2607,Drama
2608,Thriller
2609,Drama
2610,Drama
2611,Drama
2612,Drama
2613,Action
2613,Horror
2613,Sci-Fi
2614,Action
2614,Horror
2614,Sci-Fi
2615,Adventure
2615,Sci-Fi
2616,Action
2616,Crime
2617,Action
2617,Adventure
2617,Horror
2617,Thriller
2618,Comedy
2619,Drama
2620,Drama
2620,Romance
2621,Drama
2621,Romance
2622,Comedy
2622,Fantasy
2623,Comedy
2624,Drama
2625,Action
2626,Comedy
2626,Drama
2626,Romance
2627,Documentary
2627,Drama
2628,Action
2628,Adventure
2628,Fantasy
2628,Sci-Fi
2629,Comedy
2629,Romance
2630,Drama
2631,Comedy
2631,Film-Noir
2631,Thriller
2632,Drama
2633,Horror
2633,Romance
2634,Horror
2635,Horror
2636,Horror
2637,Horror
2638,Horror
2639,Drama
2640,Action
2640,Adventure
2640,Sci-Fi
2641,Action
2641,Adventure
2641,Sci-Fi
2642,Action
2642,Adventure
2642,Sci-Fi
2643,Action
2643,Adventure
2643,Sci-Fi
2644,Horror
2645,Horror
2646,Horror
2647,Horror
2648,Horror
2649,Horror
2650,Horror
2651,Horror
2652,Horror
2653,Horror
2654,Horror
2655,Horror
2656,Horror
2656,Sci-Fi
2657,Comedy
2657,Horror
2657,Musical
2657,Sci-Fi
2658,Sci-Fi
2659,Comedy
2659,Documentary
2660,Sci-Fi
2661,Sci-Fi
2662,Action
2662,Sci-Fi
2662,War
2663,Sci-Fi
2664,Horror
2664,Sci-Fi
2665,Sci-Fi
2666,Sci-Fi
2667,Sci-Fi
2668,Horror
2668,Sci-Fi
2669,War
2670,War
2671,Comedy
2671,Romance
2672,Drama
2672,Sci-Fi
2672,Thriller
2673,Drama
2674,Drama
2675,Comedy
2675,Drama
2675,Romance
2676,Drama
2676,Thriller
2677,Documentary
2678,Drama
2679,Drama
2679,Romance
2680,Drama
2681,Comedy
2681,Romance
2681,Sci-Fi
2682,Drama
2683,Comedy
2684,Comedy
2684,Drama
2685,Comedy
2685,Drama
2686,Drama
2686,Mystery
2687,Animation
2687,Children's
2688,Drama
2688,Thriller
2689,Documentary
2690,Comedy
2691,Drama
2692,Action
2692,Crime
2692,Romance
2693,Documentary
2694,Comedy
2695,Drama
2696,Comedy
2697,Comedy
2697,Drama
2697,Romance
2698,Sci-Fi
2699,Action
2699,Comedy
2699,Sci-Fi
2699,Thriller
2700,Animation
2700,Comedy
2701,Action
2701,Sci-Fi
2701,Western
2702,Drama
2703,Drama
2704,Drama
2704,Romance
2705,Drama
2706,Comedy
2707,Thriller
2708,Romance
2709,Children's
2709,Comedy
2710,Horror
2711,Drama
2712,Drama
2713,Horror
2713,Thriller
2714,Drama
2715,Comedy
2715,Romance
2716,Comedy
2716,Horror
2717,Comedy
2717,Horror
2718,Comedy
2719,Horror
2719,Thriller
2720,Action
2720,Adventure
2720,Children's
2720,Comedy
2721,Romance
2722,Action
2722,Sci-Fi
2722,Thriller
2723,Action
2723,Adventure
2723,Comedy
2724,Comedy
2724,Romance
2725,Drama
2726,Crime
2726,Film-Noir
2727,Film-Noir
2728,Drama
2729,Drama
2730,Drama
2731,Drama
2732,Drama
2733,Adventure
2733,Comedy
2734,Drama
2735,Action
2735,Adventure
2735,Comedy
2736,Comedy
2737,Action
2738,Comedy
2738,Drama
2739,Drama
2740,Horror
2741,Action
2741,Thriller
2742,Comedy
2742,Drama
2743,Drama
2744,Drama
2745,Drama
2746,Comedy
2746,Horror
2746,Musical
2747,Comedy
2747,Horror
2748,Action
2748,Adventure
2749,Drama
2749,Mystery
2750,Comedy
2750,Drama
2751,Comedy
2752,Comedy
2752,Mystery
2753,Thriller
2754,Horror
2755,Drama
2756,Action
2757,Drama
2758,Drama
2759,Comedy
2760,Drama
2761,Animation
2761,Children's
2762,Thriller
2763,Action
2763,Thriller
2764,Crime
2764,Drama
2764,Thriller
2765,Comedy
2765,Drama
2766,Comedy
2766,Drama
2767,Comedy
2768,Comedy
2769,Crime
2769,Mystery
2770,Comedy
2771,Drama
2772,Comedy
2773,Drama
2774,Comedy
2774,Romance
2775,Drama
2776,Documentary
2777,Drama
2778,Thriller
2779,Comedy
2780,Comedy
2780,Horror
2781,Horror
2782,Horror
2783,Horror
2784,Horror
2785,Horror
2786,Comedy
2787,Horror
2788,Comedy
2789,Horror
2790,Horror
2791,Comedy
2792,Comedy
2793,Comedy
2793,Horror
2794,Comedy
2795,Comedy
2796,Comedy
2797,Comedy
2797,Fantasy
2798,Comedy
2799,Comedy
2800,Animation
2800,Children's
2801,Drama
2801,Romance
2802,Action
2802,Romance
2802,Thriller
2803,Thriller
2804,Comedy
2804,Drama
2805,Comedy
2805,Romance
2806,Comedy
2806,Thriller
2807,Action
2807,Sci-Fi
2808,Action
2808,Sci-Fi
2809,Comedy
2810,Animation
2810,Mystery
2811,Comedy
2812,Action
2812,Thriller
2813,Documentary
2814,Horror
2815,Action
2815,War
2816,Action
2816,War
2817,Action
2817,War
2818,Action
2818,War
2819,Thriller
2820,Drama
2821,Adventure
2821,Drama
2822,Adventure
2822,Romance
2823,Action
2823,Drama
2824,Documentary
2825,Drama
2826,Action
2826,Horror
2826,Thriller
2827,Sci-Fi
2827,Thriller
2828,Children's
2828,Comedy
2829,Comedy
2829,Drama
2830,Drama
2831,Drama
2832,Drama
2833,Romance
2833,War
2834,Comedy
2834,Romance
2835,Action
2835,Thriller
2836,Comedy
2837,Comedy
2837,Romance
2838,Comedy
2839,Drama
2840,Thriller
2841,Thriller
2842,Crime
2842,Drama
2843,Comedy
2843,Romance
2844,Drama
2844,Mystery
2845,Drama
2846,Children's
2847,Drama
2848,Drama
2849,Comedy
2849,Drama
2850,Drama
2850,Thriller
2851,Adventure
2851,Sci-Fi
2851,Thriller
2852,Drama
2853,Horror
2854,Horror
2855,Horror
2856,Thriller
2857,Animation
2857,Musical
2858,Comedy
2858,Drama
2859,Documentary
2860,Comedy
2861,Comedy
2861,Drama
2862,Drama
2863,Comedy
2863,Musical
2864,Comedy
2865,Comedy
2866,Drama
2867,Comedy
2867,Horror
2868,Horror
2869,Drama
2870,Comedy
2871,Adventure
2871,Thriller
2872,Action
2872,Drama
2872,Fantasy
2872,Romance
2873,Drama
2873,Mystery
2873,Romance
2874,Comedy
2875,Drama
2875,Mystery
2875,Romance
2876,Animation
2876,Children's
2877,Drama
2877,Musical
2878,Horror
2879,Action
2879,Adventure
2879,Comedy
2880,Action
2880,Adventure
2880,Comedy
2881,Action
2881,Thriller
2882,Drama
2883,Comedy
2884,Comedy
2884,Romance
2885,Drama
2885,Romance
2886,Children's
2886,Comedy
2887,Drama
2888,Comedy
2888,Romance
2889,Comedy
2890,Drama
2890,War
2891,Comedy
2892,Action
2892,Drama
2893,Action
2893,Drama
2894,Drama
2894,Romance
2895,Adventure
2896,Western
2897,Comedy
2897,War
2898,Horror
2898,Mystery
2899,Adventure
2899,Animation
2899,Children's
2900,Horror
2900,Sci-Fi
2901,Horror
2901,Sci-Fi
2902,Horror
2902,Thriller
2903,Horror
2903,Thriller
2904,Drama
2905,Action
2905,Adventure
2906,Drama
2906,Romance
2907,Comedy
2908,Drama
2909,Documentary
2910,Drama
2910,Romance
2911,Drama
2912,Action
2912,Crime
2912,Drama
2913,Comedy
2914,Comedy
2914,Drama
2915,Comedy
2916,Action
2916,Adventure
2916,Sci-Fi
2916,Thriller
2917,Crime
2917,Thriller
2918,Comedy
2919,Drama
2919,Romance
2920,Drama
2920,Romance
2921,Western
2922,Western
2923,Comedy
2924,Action
2924,Comedy
2925,Drama
2926,Comedy
2926,Drama
2927,Drama
2927,Romance
2928,Drama
2929,Drama
2930,Documentary
2931,Drama
2932,Drama
2933,Drama
2934,Musical
2935,Comedy
2935,Romance
2936,Comedy
2937,Comedy
2938,Drama
2939,Drama
2939,Thriller
2940,Film-Noir
2941,Musical
2941,Romance
2941,War
2942,Drama
2942,Romance
2943,Drama
2943,Romance
2944,Action
2944,War
2945,Mystery
2946,Comedy
2946,Musical
2947,Action
2948,Action
2949,Action
2950,Adventure
2950,Drama
2950,Romance
2951,Action
2951,Western
2952,Crime
2952,Thriller
2953,Children's
2953,Comedy
2954,Drama
2955,Drama
2956,Action
2956,Crime
2956,Thriller
2957,Drama
2958,Drama
2959,Drama
2960,Drama
2961,Comedy
2961,Drama
2962,Comedy
2962,Romance
2963,Crime
2963,Drama
2964,Drama
2965,Action
2966,Drama
2967,Drama
2967,Thriller
2968,Adventure
2968,Fantasy
2968,Sci-Fi
2969,Drama
2969,Romance
2970,Adventure
2970,Drama
2971,Musical
2972,Drama
2972,War
2973,Comedy
2974,Horror
2974,Thriller
2975,Drama
2976,Drama
2976,Horror
2977,Comedy
2977,Drama
2978,Comedy
2978,Romance
2979,Drama
2980,Drama
2981,Documentary
2982,Horror
2982,Thriller
2983,Thriller
2984,Documentary
2985,Action
2985,Crime
2985,Sci-Fi
2986,Action
2986,Crime
2986,Sci-Fi
2987,Adventure
2987,Animation
2987,Film-Noir
2988,Drama
2989,Action
2990,Action
2991,Action
2992,Horror
2992,Thriller
2993,Action
2994,Drama
2995,Horror
2996,Drama
2997,Comedy
2998,Romance
2999,Comedy
3000,Action
3000,Adventure
3000,Animation
3001,Drama
3002,Documentary
3003,Comedy
3003,Drama
3004,Comedy
3004,Romance
3005,Thriller
3006,Drama
3007,Documentary
3008,Thriller
3009,Drama
3010,Drama
3011,Drama
3012,Comedy
3013,Comedy
3013,Horror
3014,Comedy
3015,Thriller
3016,Horror
3017,Horror
3018,Horror
3019,Crime
3019,Drama
3020,Action
3020,Drama
3021,Horror
3022,Comedy
3023,Comedy
3023,Romance
3024,Horror
3024,Sci-Fi
3025,Western
3026,Horror
3027,Horror
3028,Comedy
3029,Action
3029,Drama
3030,Comedy
3030,Drama
3030,Western
3031,Comedy
3032,Sci-Fi
3033,Comedy
3033,Sci-Fi
3034,Animation
3034,Children's
3035,Comedy
3035,Drama
3035,War
3036,Adventure
3037,Comedy
3037,Drama
3037,Western
3038,Drama
3039,Comedy
3040,Comedy
3041,Comedy
3042,Comedy
3043,Comedy
3044,Mystery
3044,Romance
3044,Thriller
3045,Comedy
3045,Drama
3046,Comedy
3046,Romance
3047,Drama
3048,Comedy
3049,Comedy
3049,War
3050,Drama
3051,Drama
3052,Comedy
3053,Drama
3053,War
3054,Animation
3054,Children's
3055,Thriller
3056,Thriller
3057,Comedy
3058,Horror
3058,Sci-Fi
3059,Drama
3060,Comedy
3060,Drama
3061,Comedy
3061,Musical
3062,Action
3062,Drama
3062,War
3063,Thriller
3064,Thriller
3065,Drama
3066,War
3067,Comedy
3067,Drama
3068,Drama
3069,Drama
3070,Adventure
3070,Comedy
3070,Sci-Fi
3071,Drama
3072,Comedy
3073,Drama
3073,Romance
3074,Western
3075,Thriller
3076,Comedy
3077,Documentary
3078,Drama
3079,Drama
3080,Drama
3080,Sci-Fi
3081,Horror
3081,Romance
3082,Action
3082,Thriller
3083,Comedy
3083,Drama
3084,Documentary
3085,Horror
3086,Comedy
3087,Comedy
3088,Comedy
3089,Drama
3090,Drama
3091,Drama
3091,War
3092,Drama
3093,Drama
3093,Western
3094,Drama
3094,Romance
3095,Drama
3096,Comedy
3097,Comedy
3097,Romance
3098,Drama
3099,Comedy
3099,Romance
3100,Drama
3101,Thriller
3102,Thriller
3103,Drama
3103,Romance
3104,Action
3104,Adventure
3104,Comedy
3104,Crime
3105,Drama
3106,Drama
3106,Romance
3107,Action
3107,Drama
3108,Comedy
3108,Drama
3108,Romance
3109,Drama
3110,Drama
3111,Drama
3112,Drama
3113,Action
3113,Thriller
3114,Animation
3114,Children's
3114,Comedy
3115,Drama
3116,Drama
3117,Drama
3117,Romance
3117,War
3118,Drama
3119,Horror
3120,Comedy
3121,Film-Noir
3122,Drama
3122,Romance
3122,Western
3123,Comedy
3124,Comedy
3124,Drama
3125,Drama
3126,Drama
3127,Drama
3128,Drama
3129,Comedy
3129,Drama
3130,Comedy
3131,Comedy
3132,Comedy
3133,Comedy
3134,Drama
3134,War
3135,Drama
3136,Documentary
3137,Action
3137,War
3138,Drama
3139,Action
3139,Adventure
3140,Comedy
3141,Drama
3142,Documentary
3142,Musical
3143,Drama
3143,War
3144,Comedy
3144,Romance
3145,Drama
3146,Comedy
3147,Drama
3147,Thriller
3148,Drama
3149,Mystery
3150,Drama
3151,Crime
3151,Drama
3151,Mystery
3152,Drama
3153,Action
3153,Adventure
3153,Fantasy
3154,Drama
3154,War
3155,Drama
3155,Romance
3156,Comedy
3156,Drama
3156,Sci-Fi
3157,Children's
3157,Comedy
3158,Drama
3159,Animation
3159,Children's
3159,Musical
3160,Drama
3161,Drama
3162,Comedy
3162,Drama
3163,Drama
3164,Drama
3165,Action
3165,Drama
3166,Adventure
3167,Drama
3168,Adventure
3168,Drama
3169,Drama
3170,Western
3171,Drama
3172,Adventure
3173,Drama
3174,Comedy
3174,Drama
3175,Adventure
3175,Comedy
3175,Sci-Fi
3176,Drama
3176,Mystery
3176,Thriller
3177,Comedy
3178,Drama
3179,Drama
3180,Comedy
3180,Drama
3181,Drama
3182,Documentary
3183,Drama
3184,Action
3184,Comedy
3184,Crime
3184,Drama
3185,Drama
3186,Drama
3187,Drama
3188,Documentary
3189,Comedy
3190,Adventure
3190,Sci-Fi
3191,Drama
3192,Drama
3193,Documentary
3194,Drama
3195,Drama
3196,Drama
3196,War
3197,Action
3198,Drama
3199,Comedy
3199,Musical
3199,Romance
3200,Comedy
3200,Drama
3201,Drama
3202,Drama
3203,Thriller
3204,Thriller
3205,Horror
3206,Romance
3207,Adventure
3208,Action
3208,Comedy
3209,Drama
3210,Comedy
3211,Drama
3212,Drama
3213,Animation
3213,Children's
3214,Drama
3215,Drama
3216,Horror
3217,Drama
3218,Drama
3219,Thriller
3220,Drama
3221,Drama
3222,Drama
3223,Drama
3224,Drama
3225,Comedy
3225,Romance
3226,Documentary
3227,Comedy
3227,Drama
3227,Thriller
3228,Comedy
3229,Crime
3229,Drama
3230,Thriller
3231,Comedy
3232,Comedy
3233,Comedy
3234,Comedy
3235,Comedy
3236,Western
3237,Documentary
3238,Thriller
3239,Comedy
3240,Comedy
3241,Comedy
3242,Comedy
3243,Comedy
3244,Comedy
3244,Romance
3245,Drama
3246,Drama
3247,Comedy
3247,Crime
3248,Comedy
3249,Thriller
3250,Drama
3251,Drama
3251,Mystery
3252,Drama
3253,Comedy
3254,Comedy
3255,Comedy
3255,Drama
3256,Action
3256,Thriller
3257,Action
3257,Drama
3257,Romance
3257,Thriller
3258,Comedy
3259,Drama
3259,Romance
3260,Drama
3261,Comedy
3261,Drama
3261,Romance
3262,Drama
3262,Mystery
3263,Comedy
3264,Comedy
3264,Horror
3265,Action
3265,Crime
3266,Action
3266,Comedy
3266,Crime
3266,Drama
3267,Action
3267,Thriller
3268,Action
3268,Comedy
3269,Adventure
3269,Romance
3269,Sci-Fi
3270,Drama
3271,Drama
3272,Crime
3272,Drama
3273,Horror
3273,Mystery
3273,Thriller
3274,Action
3275,Action
3275,Comedy
3276,Comedy
3277,Drama
3278,Documentary
3279,Action
3279,Adventure
3280,Horror
3281,Documentary
3282,Comedy
3283,Action
3284,Comedy
3284,Romance
3285,Adventure
3285,Drama
3286,Comedy
3287,Animation
3287,Children's
3288,Drama
3289,Drama
3290,Comedy
3291,Thriller
3292,Film-Noir
3293,Drama
3293,Sci-Fi
3294,Horror
3295,Drama
3296,Drama
3297,Documentary
3298,Drama
3299,Comedy
3299,Drama
3300,Action
3300,Sci-Fi
3301,Comedy
3301,Crime
3302,Comedy
3303,Documentary
3304,Crime
3304,Drama
3305,Film-Noir
3305,Horror
3306,Comedy
3307,Comedy
3307,Drama
3307,Romance
3308,Comedy
3308,Drama
3309,Comedy
3310,Action
3311,Western
3312,Drama
3313,Comedy
3314,Action
3314,Drama
3315,Musical
3316,Action
3316,Thriller
3317,Comedy
3317,Drama
3318,Thriller
3319,Drama
3320,Comedy
3320,Romance
3321,Comedy
3322,Comedy
3323,Comedy
3323,Crime
3324,Comedy
3325,Comedy
3325,Drama
3326,Comedy
3326,Sci-Fi
3327,Documentary
3328,Crime
3328,Drama
3329,Drama
3330,Drama
3331,Drama
3332,Adventure
3332,Children's
3333,Drama
3334,Crime
3334,Drama
3334,Film-Noir
3334,Thriller
3335,Crime
3335,Drama
3336,Drama
3337,Comedy
3337,Drama
3338,Documentary
3339,War
3340,Horror
3340,Sci-Fi
3341,Comedy
3342,Drama
3342,War
3343,Comedy
3343,Drama
3343,Romance
3344,Horror
3345,Adventure
3345,Children's
3346,Horror
3347,Drama
3348,Crime
3348,Thriller
3349,Comedy
3350,Drama
3351,Horror
3352,Drama
3353,Comedy
3353,Romance
3354,Sci-Fi
3355,Thriller
3356,Documentary
3357,Drama
3357,Romance
3358,Comedy
3358,Romance
3359,Drama
3360,Drama
3361,Comedy
3362,Comedy
3362,Crime
3362,Drama
3363,Comedy
3363,Drama
3364,Crime
3364,Film-Noir
3365,Western
3366,Action
3366,Adventure
3366,War
3367,War
3368,Romance
3368,Western
3369,Crime
3370,Drama
3370,Thriller
3371,Drama
3372,Action
3372,War
3373,Western
3374,Drama
3375,Sci-Fi
3376,Romance
3377,Drama
3377,War
3378,Drama
3379,Drama
3380,Film-Noir
3381,Comedy
3381,Drama
3382,Drama
3383,Drama
3383,Musical
3384,Action
3385,Comedy
3386,Drama
3386,Mystery
3387,Comedy
3388,Comedy
3389,Action
3389,Adventure
3390,Adventure
3391,Comedy
3392,Comedy
3393,Comedy
3393,Fantasy
3394,Comedy
3394,Romance
3395,Comedy
3396,Children's
3396,Comedy
3397,Children's
3397,Comedy
3398,Children's
3398,Comedy
3399,Children's
3399,Comedy
3400,Animation
3400,Children's
3401,Adventure
3401,Sci-Fi
3402,Drama
3403,Drama
3403,Thriller
3404,Action
3404,Drama
3405,Action
3405,Drama
3406,Action
3406,Adventure
3406,War
3407,Comedy
3407,Drama
3408,Drama
3409,Drama
3409,Thriller
3410,Comedy
3410,Drama
3411,Drama
3412,Adventure
3413,Crime
3413,Drama
3414,Romance
3415,Drama
3416,Drama
3417,Adventure
3417,Comedy
3417,Sci-Fi
3418,Action
3418,Drama
3419,Comedy
3419,Crime
3420,Drama
3420,Thriller
3421,Comedy
3422,Comedy
3422,Romance
3423,Drama
3424,Comedy
3424,Drama
3425,Drama
3426,Drama
3426,Romance
3427,Crime
3428,Drama
3429,Animation
3429,Comedy
3430,Action
3430,Drama
3431,Action
3431,Drama
3432,Action
3432,Drama
3433,Action
3433,Drama
3434,Action
3434,Drama
3435,Crime
3435,Film-Noir
3436,Drama
3436,Romance
3437,Drama
3438,Action
3438,Children's
3438,Fantasy
3439,Action
3439,Children's
3439,Fantasy
3440,Action
3440,Children's
3440,Fantasy
3441,Action
3441,War
3442,Action
3443,Action
3443,Drama
3443,Thriller
3444,Action
3445,Mystery
3445,Thriller
3446,Comedy
3447,Drama
3448,Comedy
3448,Drama
3448,War
3449,Drama
3450,Comedy
3451,Comedy
3451,Drama
3452,Action
3452,Romance
3453,Drama
3453,Romance
3454,Comedy
3454,Romance
3455,Drama
3455,Thriller
3456,Drama
3457,Drama
3458,Drama
3458,Romance
3459,Drama
3459,Horror
3460,Comedy
3461,Adventure
3461,Drama
3461,Thriller
3462,Comedy
3463,Comedy
3464,Sci-Fi
3464,Thriller
3465,Drama
3466,Comedy
3466,Fantasy
3467,Drama
3467,Western
3468,Drama
3469,Drama
3470,Adventure
3470,Drama
3471,Drama
3471,Sci-Fi
3472,Horror
3473,Comedy
3474,Sci-Fi
3474,Thriller
3475,Drama
3475,Romance
3476,Horror
3476,Mystery
3476,Thriller
3477,Comedy
3477,Drama
3478,Drama
3479,Adventure
3479,Fantasy
3479,Romance
3480,Drama
3481,Comedy
3482,Drama
3483,Animation
3483,Children's
3484,Thriller
3485,Horror
3486,Sci-Fi
3487,Western
3488,Horror
3488,Sci-Fi
3489,Adventure
3489,Fantasy
3490,Horror
3491,Comedy
3492,Adventure
3493,Horror
3494,Adventure
3494,Western
3495,Comedy
3495,Drama
3496,Drama
3497,Comedy
3498,Drama
3499,Horror
3500,Comedy
3500,Drama
3501,Comedy
3501,Romance
3502,Drama
3503,Drama
3503,Sci-Fi
3504,Comedy
3504,Drama
3505,Thriller
3506,Comedy
3506,Drama
3507,Comedy
3508,Western
3509,Drama
3510,Drama
3510,Thriller
3511,Comedy
3512,Drama
3512,Romance
3513,Drama
3513,Thriller
3514,Drama
3515,Comedy
3516,Comedy
3516,Romance
3517,Crime
3517,Drama
3518,Drama
3518,Thriller
3519,Action
3519,War
3520,Comedy
3521,Comedy
3521,Crime
3521,Drama
3522,Drama
3523,Action
3523,Thriller
3524,Comedy
3524,Romance
3525,Comedy
3526,Comedy
3526,Drama
3527,Action
3527,Sci-Fi
3527,Thriller
3528,Drama
3528,Romance
3529,Crime
3529,Thriller
3530,Comedy
3531,Comedy
3531,Drama
3531,Romance
3532,Comedy
3533,Drama
3534,Comedy
3535,Comedy
3535,Horror
3535,Thriller
3536,Comedy
3536,Romance
3537,Comedy
3537,Drama
3538,Comedy
3539,Documentary
3540,Romance
3540,Thriller
3541,Action
3542,Drama
3543,Comedy
3543,Drama
3544,Comedy
3545,Musical
3545,War
3546,Drama
3546,Thriller
3547,Drama
3548,Comedy
3548,Drama
3549,Musical
3550,Horror
3551,Thriller
3552,Comedy
3553,Drama
3553,Thriller
3554,Drama
3554,Romance
3555,Action
3555,Thriller
3556,Comedy
3556,Drama
3557,Thriller
3558,Drama
3559,Drama
3560,Drama
3561,Drama
3562,Comedy
3562,Drama
3563,Action
3563,Horror
3564,Children's
3564,Comedy
3565,Comedy
3565,Drama
3566,Comedy
3566,Drama
3567,Comedy
3568,Drama
3569,Comedy
3569,Drama
3570,Drama
3571,Drama
3572,Horror
3572,Sci-Fi
3573,Horror
3573,Sci-Fi
3574,Horror
3574,Sci-Fi
3575,Drama
3576,Action
3576,Horror
3576,Sci-Fi
3577,Drama
3578,Action
3578,Drama
3579,Drama
3580,Drama
3581,Drama
3582,Drama
3583,Drama
3584,Action
3584,Drama
3584,Romance
3584,Thriller
3585,Adventure
3585,War
3586,Drama
3587,Horror
3588,Crime
3588,Drama
3589,Horror
3590,Comedy
3591,Comedy
3591,Drama
3592,Animation
3592,Sci-Fi
3593,Action
3593,Sci-Fi
3594,Drama
3595,Comedy
3596,Comedy
3597,Comedy
3598,Drama
3599,Comedy
3599,Musical
3600,Comedy
3600,Musical
3601,Comedy
3601,Western
3602,Musical
3603,Comedy
3604,Musical
3605,Drama
3605,Musical
3606,Musical
3607,Comedy
3607,Drama
3607,Western
3608,Comedy
3609,Documentary
3610,Musical
3611,Animation
3611,Children's
3611,Comedy
3612,Adventure
3612,Musical
3612,Romance
3613,Comedy
3614,Comedy
3614,Romance
3615,Animation
3615,Children's
3616,Comedy
3616,Romance
3617,Comedy
3618,Comedy
3619,Comedy
3620,Comedy
3620,Drama
3621,Drama
3621,Horror
3622,Comedy
3623,Action
3623,Thriller
3624,Action
3625,Documentary
3626,Comedy
3627,Horror
3627,Thriller
3628,Action
3628,Drama
3628,War
3629,Comedy
3630,Horror
3631,Comedy
3632,Comedy
3633,Action
3634,Thriller
3635,Action
3636,Drama
3637,Drama
3638,Action
3638,Romance
3638,Sci-Fi
3639,Action
3640,Comedy
3640,Drama
3641,Drama
3642,Western
3643,Action
3643,Drama
3643,War
3644,Western
3645,Drama
3646,Comedy
3647,Drama
3648,Horror
3648,Sci-Fi
3649,Drama
3650,Horror
3651,Horror
3652,Horror
3653,Documentary
3654,Action
3654,Drama
3654,War
3655,Drama
3656,Crime
3657,Drama
3658,Sci-Fi
3659,Sci-Fi
3659,Thriller
3660,Horror
3660,Sci-Fi
3660,Thriller
3661,Horror
3661,Sci-Fi
3661,Thriller
3662,Horror
3662,Sci-Fi
3662,Thriller
3663,Horror
3663,Sci-Fi
3663,Thriller
3664,Horror
3664,Sci-Fi
3664,Thriller
3665,Horror
3665,Sci-Fi
3665,Thriller
3666,Horror
3666,Sci-Fi
3666,Thriller
3667,Action
3667,Comedy
3668,Drama
3668,Romance
3669,Comedy
3670,War
3671,Comedy
3671,Western
3672,Adventure
3672,Children's
3673,Adventure
3673,Children's
3674,Adventure
3674,Children's
3675,Musical
3676,Drama
3676,Horror
3677,Documentary
3678,Drama
3679,Documentary
3680,Documentary
3681,Western
3682,Western
3683,Drama
3683,Film-Noir
3684,Drama
3684,Romance
3685,Comedy
3685,Drama
3685,Romance
3686,Thriller
3687,Sci-Fi
3688,Comedy
3689,Comedy
3690,Comedy
3691,Comedy
3692,Comedy
3692,Horror
3693,Comedy
3693,Horror
3694,Comedy
3694,Horror
3695,Comedy
3695,Horror
3696,Comedy
3696,Horror
3696,Sci-Fi
3697,Action
3697,Sci-Fi
3697,Thriller
3698,Action
3698,Adventure
3698,Sci-Fi
3699,Adventure
3699,Drama
3699,Romance
3699,Sci-Fi
3700,Drama
3700,Sci-Fi
3701,Crime
3701,Drama
3701,Sci-Fi
3702,Action
3702,Sci-Fi
3703,Action
3703,Sci-Fi
3704,Action
3704,Sci-Fi
3705,Action
3705,Adventure
3705,Romance
3705,Thriller
3706,Film-Noir
3706,Mystery
3706,Thriller
3707,Drama
3708,Horror
3708,Thriller
3709,Horror
3710,Action
3710,Comedy
3711,Drama
3712,Comedy
3713,Drama
3714,Drama
3715,Comedy
3716,Action
3716,Crime
3717,Action
3717,Crime
3718,Documentary
3719,Comedy
3719,Romance
3720,Drama
3721,Comedy
3722,Comedy
3723,Drama
3724,Drama
3724,War
3725,Animation
3725,Musical
3726,Action
3726,Thriller
3727,Comedy
3727,Horror
3728,Thriller
3729,Action
3729,Crime
3730,Drama
3730,Mystery
3731,Drama
3731,Thriller
3732,Horror
3733,Drama
3734,Drama
3735,Crime
3735,Drama
3736,Drama
3737,Drama
3737,Western
3738,Drama
3739,Comedy
3739,Romance
3740,Action
3740,Comedy
3741,Crime
3741,Drama
3742,Drama
3742,War
3743,Comedy
3743,Romance
3744,Action
3744,Crime
3745,Adventure
3745,Animation
3745,Sci-Fi
3746,Drama
3746,War
3747,Drama
3748,Comedy
3748,Romance
3749,Drama
3750,Drama
3751,Animation
3751,Children's
3751,Comedy
3752,Comedy
3753,Action
3753,Drama
3753,War
3754,Animation
3754,Children's
3754,Comedy
3755,Action
3755,Adventure
3755,Thriller
3756,Drama
3757,Horror
3758,Drama
3758,Sci-Fi
3758,Thriller
3759,Animation
3759,Children's
3759,Musical
3760,Comedy
3761,Crime
3761,Drama
3762,Horror
3763,Action
3763,Crime
3763,Thriller
3764,Action
3764,Crime
3764,Thriller
3765,Drama
3765,Romance
3766,Action
3766,War
3767,Action
3767,War
3768,Action
3768,War
3769,Action
3770,Adventure
3770,Crime
3770,Sci-Fi
3770,Thriller
3771,Action
3771,Adventure
3772,Horror
3773,Comedy
3774,Comedy
3775,Animation
3775,Children's
3775,Musical
3776,Animation
3776,Children's
3776,Musical
3777,Comedy
3777,Horror
3778,Comedy
3778,Drama
3779,Sci-Fi
3780,Sci-Fi
3781,Action
3781,Crime
3782,Action
3782,Crime
3783,Crime
3783,Drama
3784,Comedy
3785,Comedy
3785,Horror
3786,Comedy
3787,Comedy
3788,Drama
3788,Mystery
3789,Drama
3790,Drama
3791,Drama
3792,Western
3793,Action
3793,Sci-Fi
3794,Comedy
3794,Drama
3795,Drama
3796,Romance
3796,Thriller
3797,Thriller
3798,Thriller
3799,Animation
3799,Children's
3800,Drama
3800,Romance
3801,Drama
3801,Mystery
3802,Action
3802,Sci-Fi
3803,Drama
3804,Comedy
3805,Action
3805,Adventure
3805,Drama
3806,Western
3807,Action
3807,Adventure
3808,Drama
3808,War
3809,Comedy
3810,Drama
3810,Thriller
3811,Drama
3811,War
3812,Comedy
3813,Drama
3814,Comedy
3816,Drama
3817,Comedy
3817,Drama
3818,Comedy
3818,Musical
3819,Comedy
3820,Children's
3821,Comedy
3822,Drama
3822,Romance
3823,Drama
3824,Drama
3824,Romance
3825,Drama
3826,Horror
3826,Sci-Fi
3826,Thriller
3827,Action
3827,Sci-Fi
3828,Comedy
3829,Comedy
3829,Romance
3830,Comedy
3830,Horror
3830,Thriller
3831,Comedy
3832,Horror
3833,Horror
3833,Sci-Fi
3834,Adventure
3834,Drama
3834,Romance
3835,Thriller
3836,Action
3836,Comedy
3836,War
3837,Horror
3838,Horror
3839,Horror
3840,Horror
3841,Action
3841,Comedy
3842,Horror
3843,Horror
3844,Drama
3845,Drama
3846,Comedy
3847,Horror
3848,Drama
3848,Thriller
3849,Thriller
3850,Crime
3850,Thriller
3851,Comedy
3852,Comedy
3853,Drama
3854,Drama
3854,Romance
3855,Drama
3855,Romance
3856,Drama
3857,Thriller
3858,Comedy
3859,Documentary
3860,Crime
3861,Comedy
3862,Comedy
3863,Sci-Fi
3863,Thriller
3864,Action
3864,Adventure
3864,Sci-Fi
3865,Comedy
3865,Documentary
3866,Comedy
3867,Drama
3868,Comedy
3869,Comedy
3870,Drama
3871,Drama
3871,Western
3872,Drama
3873,Comedy
3873,Western
3874,Comedy
3874,Romance
3875,Horror
3876,Drama
3877,Action
3877,Adventure
3877,Fantasy
3878,Sci-Fi
3879,Action
3880,Documentary
3881,Documentary
3882,Comedy
3883,Comedy
3883,Drama
3884,Comedy
3885,Comedy
3885,Romance
3886,Drama
3887,Drama
3888,Drama
3888,Romance
3889,Action
3889,Adventure
3889,Fantasy
3890,Documentary
3891,Crime
3891,Drama
3892,Horror
3893,Comedy
3893,Thriller
3894,Drama
3895,Crime
3895,Thriller
3896,Crime
3896,Thriller
3897,Comedy
3897,Drama
3898,Action
3898,Comedy
3899,Comedy
3900,Comedy
3900,Drama
3901,Comedy
3901,Drama
3902,Drama
3903,Drama
3904,Drama
3905,Comedy
3906,Crime
3907,Drama
3908,Horror
3909,Comedy
3909,Romance
3910,Drama
3910,Musical
3911,Comedy
3912,Comedy
3912,Drama
3913,Documentary
3914,Drama
3915,Drama
3916,Drama
3917,Horror
3918,Horror
3919,Horror
3920,Drama
3920,Fantasy
3921,Comedy
3922,Comedy
3923,Horror
3923,Sci-Fi
3924,Comedy
3925,Comedy
3926,Adventure
3926,Sci-Fi
3927,Adventure
3927,Sci-Fi
3928,Comedy
3928,Horror
3929,Comedy
3930,Horror
3931,Horror
3931,Sci-Fi
3932,Horror
3932,Sci-Fi
3933,Horror
3933,Sci-Fi
3934,Sci-Fi
3935,Horror
3936,Drama
3936,Thriller
3937,Sci-Fi
3937,Thriller
3938,Horror
3939,Horror
3940,Horror
3941,Horror
3942,Horror
3943,Comedy
3944,Comedy
3944,Drama
3945,Adventure
3945,Animation
3945,Children's
3946,Action
3946,Drama
3946,Thriller
3947,Thriller
3948,Comedy
3949,Drama
3950,Drama
3951,Drama
3952,Drama
3952,Thriller
